Station Name,Art Image Link,Art Title,Actual Image Link
125 St,https://new.mta.info/agency/arts-design/collection/open-secret,The Open Secret,https://files.mta.info/s3fs-public/styles/large/public/2024-01/MTA_9923.jpg?itok=kRyvpS30
Astor Pl,https://new.mta.info/agency/arts-design/collection/untitled-glaser-astor,Untitled,https://files.mta.info/s3fs-public/styles/large/public/2021-08/Glaser1-Final-Photo-By-RobWilson.jpg?itok=jJldYwWZ
Clark St,https://new.mta.info/agency/arts-design/collection/clark-street-passage,Clark Street Passage,https://files.mta.info/s3fs-public/styles/large/public/2021-08/Ring_NYCT_Clark_01_DavidLubarsky.jpg?itok=v8CeylmH
Kings Hwy,https://new.mta.info/agency/arts-design/collection/Kings-Highway-Hieroglyphs,Kings Highway Hieroglyphs,https://files.mta.info/s3fs-public/styles/large/public/2021-08/Andors_NYCT_Kings_01_RhodaAndors.jpg?itok=W0n46PWW
Newkirk Av,https://new.mta.info/agency/arts-design/collection/transit-skylight,Transit Skylight,https://files.mta.info/s3fs-public/styles/large/public/2021-08/Wilson_NYCT_Newkirk_01_RobWilson.jpg?itok=-Jekhm1_
137 St-City College,https://new.mta.info/agency/arts-design/collection/fossils,Fossils,https://files.mta.info/s3fs-public/styles/large/public/2021-08/Wood_NYCT_137St_01_RobWilson.jpg?itok=tHjmKIU1
23 St,https://new.mta.info/agency/arts-design/collection/long-division,Long Division,https://files.mta.info/s3fs-public/styles/large/public/2021-08/Jaudon_NYCT_23St_01_MTAAD.jpg?itok=u8b4uLjR
50 St,https://new.mta.info/agency/arts-design/collection/untitled-50-st,Untitled,https://files.mta.info/s3fs-public/styles/large/public/2022-02/Mullican_NYCT_50St_01_TrentReeves.jpg?itok=JgvJF-bK
86 St,https://new.mta.info/agency/arts-design/collection/westside-views,Westside Views,https://files.mta.info/s3fs-public/styles/large/public/2022-05/Tufino_NYCT%2086%20Street_02_MTA%20Arts%20%26%20Design_0.jpg?itok=3-xn2EYV
Tuckahoe,https://new.mta.info/agency/arts-design/collection/the-finder-the-seekers-time-catcher,The Finder/The Seekers,https://files.mta.info/s3fs-public/styles/large/public/2021-10/Gonzalez_MNR%20Tuckahoe_02_Arts%20%26%20Design.JPG?itok=VuJNcMcn
Fleetwood,https://new.mta.info/agency/arts-design/collection/the-finder-the-seekers-time-catcher,Time Catcher,https://files.mta.info/s3fs-public/styles/large/public/2021-10/Gonzalez_MNR%20Tuckahoe_02_Arts%20%26%20Design.JPG?itok=VuJNcMcn
Grand Central-42 St,https://new.mta.info/agency/arts-design/collection/fast-track-speedwheels,Fast Track and Speedwheels,https://files.mta.info/s3fs-public/styles/large/public/2021-11/Sinclair_NYCT%20Grand%20Central-42%20Street_01_David%20Lubarsky.jpg?itok=dJO-Ym4S
Wall St,https://new.mta.info/agency/arts-design/collection/subway-wall,Subway Wall,https://files.mta.info/s3fs-public/styles/large/public/2022-02/Roseman_NYCT%20Wall%20Street_01_Michelle%20Shin_.jpg?itok=dsI_0iEe
104 St,https://new.mta.info/agency/arts-design/collection/five-points-of-observation,Five Points of Observation,https://files.mta.info/s3fs-public/styles/large/public/2022-02/McCarthy_NYCT%20111th%20St_01_Rob%20Wilson.jpg?itok=C0wFXntk
111 St,https://new.mta.info/agency/arts-design/collection/five-points-of-observation,Five Points of Observation,https://files.mta.info/s3fs-public/styles/large/public/2022-02/McCarthy_NYCT%20111th%20St_01_Rob%20Wilson.jpg?itok=C0wFXntk
Woodhaven Blvd,https://new.mta.info/agency/arts-design/collection/five-points-of-observation,Five Points of Observation,https://files.mta.info/s3fs-public/styles/large/public/2022-02/McCarthy_NYCT%20111th%20St_01_Rob%20Wilson.jpg?itok=C0wFXntk
103 St,https://new.mta.info/agency/arts-design/permanent-art/neo-boriken,Neo-Boriken,https://files.mta.info/s3fs-public/styles/large/public/2022-02/Tufino_NYCT%20103%20Street_01_Arts%20%26%20Design%20.jpg?itok=fVpqAr7j
Harlem-125 St,https://new.mta.info/agency/arts-design/collection/copacetic-hear-the-lone-whistle,Hear the Lone Whistle Moan,https://files.mta.info/s3fs-public/styles/large/public/2021-10/Saar_MNR_%20Harlem%20-%20125%20Street%20_01_%20Rob%20Wilson%20.jpg?itok=0kter8BX
Mount Vernon West,https://new.mta.info/agency/arts-design/collection/travelin-time,Travelin' Time,https://files.mta.info/s3fs-public/styles/large/public/2022-02/Jackson%20Jarvis_Mount%20Vernon%20West_01_Rob%20Wilson.jpg?itok=KUWnJOnv
34 St-Herald Sq,https://new.mta.info/agency/arts-design/collection/radiant-site,Radiant Site,https://files.mta.info/s3fs-public/styles/large/public/2021-11/Oka%20Doner_34%20St-Herald%20Sq_01_RobWilson.jpg?itok=Vm-VmjPR
116 St-Columbia University,https://new.mta.info/agency/arts-design/collection/railriders-throne,Railrider's Throne,https://files.mta.info/s3fs-public/styles/large/public/2022-06/Greene_116%20Street_a01_Michelle%20Greene_0.jpg?itok=JAWy_yoj
34 St-Herald Sq,https://new.mta.info/agency/arts-design/collection/halo,Halo,https://files.mta.info/s3fs-public/styles/large/public/2021-11/Nicholas%20Pearson_34%20St-Herald%20Sq_01_Nicholas%20Pearson%20.jpg?itok=MByahkEt
42 St-Port Authority Bus Terminal,https://new.mta.info/agency/arts-design/collection/commuters-lament,The Commuter's Lament/A Close Shave,https://files.mta.info/s3fs-public/styles/large/public/2021-11/Colp_42%20Street_01_Rob%20Wilson.jpg?itok=kqdvL_VI
North White Plains,https://new.mta.info/agency/arts-design/collection/at-the-table,At the Table,https://files.mta.info/s3fs-public/styles/large/public/2022-05/Brise%C3%B1o_North%20White%20Plains_01a_Rob%20Wilson.jpg?itok=0P6QCUC5
Jamaica Ctr-Parsons/Archer,https://new.mta.info/agency/arts-design/collection/jamaica-center-station-riders-blue,"Jamaica Center Station Riders, Blue",https://files.mta.info/s3fs-public/styles/large/public/2022-02/Gilliam_Jamaica%20Center-Parsons-Archer_01_Rob%20Wilson.jpg?itok=TEcdicj5
Scarsdale,https://new.mta.info/agency/arts-design/collection/workers-hartsdale,Travelers,https://files.mta.info/s3fs-public/styles/large/public/2022-02/Nussbaum_Hartsdale_01_Mike%20Kamber.jpg?itok=BYBKALUh
Hartsdale,https://new.mta.info/agency/arts-design/collection/workers-hartsdale,Workers,https://files.mta.info/s3fs-public/styles/large/public/2022-02/Nussbaum_Hartsdale_01_Mike%20Kamber.jpg?itok=BYBKALUh
Bay Shore,https://new.mta.info/agency/arts-design/collection/bay-shore-icons,Bay Shore Icons,https://files.mta.info/s3fs-public/styles/large/public/2022-02/Bunkley_Bay%20Shore_01_Brit%20Bunkley.jpg?itok=nIy1_mB8
34 St-Herald Sq,https://new.mta.info/agency/arts-design/collection/yab-yum,Yab-Yum,https://files.mta.info/s3fs-public/styles/large/public/2021-11/Provan_34%20St-Herald%20Sq_01_MTA%20Arts%20%26%20Design%20.jpg?itok=9muniJz-
"Great Neck (relocated from LIRR Westbury, 2001)",https://new.mta.info/agency/arts-design/collection/conductors-watch-and-key-chain,Conductor's Watch and Key Chain,https://files.mta.info/s3fs-public/styles/large/public/2022-07/Saunders_Great%20Neck_01_Rob%20Wilson.jpg?itok=lk9iKHxf
Court Sq-23 St,https://new.mta.info/agency/arts-design/collection/temple-quad-reliefs,Temple Quad Reliefs,https://files.mta.info/s3fs-public/styles/large/public/2021-10/Olt_NYCT%2023%20Street-Ely%20Ave-LIC-Court%20Sq_01_BritBunkley.jpg?itok=DmURwrjB
Intervale Av,https://new.mta.info/agency/arts-design/collection/el-2-and-el-5,El 2 and El 5,https://files.mta.info/s3fs-public/styles/large/public/2022-02/Williams_Intervale%20Ave_01_Mike%20Kamber.jpg?itok=0GbcDzFd
Hugh L. Carey Tunnel,https://new.mta.info/agency/arts-design/collection/brooklyn-battery-tunnel-clock,Brooklyn-Battery Tunnel Clock,https://files.mta.info/s3fs-public/styles/large/public/2021-11/Fischer_Brooklyn%20Battery%20Tunnel_01_Paul%20Warchol.jpg?itok=CqrJ9Dh9
Merrick,https://new.mta.info/agency/arts-design/collection/narrative-history-of-merrick-bellmore,The Narrative History of Merrick,https://files.mta.info/s3fs-public/styles/large/public/2022-02/Sonfist_LIRR%20Merrick_01_MTA%20Arts%20%26%20Design%20.JPG?itok=N0SawBnD
Bellmore,https://new.mta.info/agency/arts-design/collection/narrative-history-of-merrick-bellmore,The Narrative History of Bellmore,https://files.mta.info/s3fs-public/styles/large/public/2022-02/Sonfist_LIRR%20Merrick_01_MTA%20Arts%20%26%20Design%20.JPG?itok=N0SawBnD
Westchester Sq-E Tremont Av,https://new.mta.info/agency/arts-design/collection/untitled-city-of-light,City of Glass,https://files.mta.info/s3fs-public/styles/large/public/2022-02/Bearden-WestchesterSq-E.Tremont%20Ave_01_Rob%20Wilson.jpg?itok=hsMLWlRT
Penn Station,https://new.mta.info/agency/arts-design/collection/ghost-series-day-night,"Ghost Series: Corinthian Capital, Plinth, Day and Night, Mercury Man, Broken Column, Drawing of Old Pennsylvania Station",https://files.mta.info/s3fs-public/styles/large/public/2021-11/Leicester_Penn%20Station_01_Rob%20Wilson.jpg?itok=G-anIPJL
Houston St,https://new.mta.info/agency/arts-design/collection/platform-diving,Platform Diving,https://files.mta.info/s3fs-public/styles/large/public/2022-02/Brown_Houston%20Street_01_Rob%20Wilson.jpg?itok=BN-u_ztH
Union St,https://new.mta.info/agency/arts-design/collection/communion,CommUnion,https://files.mta.info/s3fs-public/styles/large/public/2022-04/Wigglesworth_Union%20Street_01_Rob%20Wilson.jpg?itok=8-78E1zx
57 St-7 Av,https://new.mta.info/agency/arts-design/collection/carnegie-hall-montage,Carnegie Hall Montage,https://files.mta.info/s3fs-public/styles/large/public/2022-02/Scharf_57%20St-7th%20Ave_01_Rob%20Wilson.jpg?itok=YejwmlXU
96 St,https://new.mta.info/agency/arts-design/collection/city-suite,City Suite,https://files.mta.info/s3fs-public/styles/large/public/2022-02/Bradley_96th%20Street_01_Arts%20%26%20Design%20.jpg?itok=UfoU8jUJ
Christopher St-Sheridan Sq,https://new.mta.info/agency/arts-design/collection/the-greenwich-village-murals,The Greenwich Village Murals,https://files.mta.info/s3fs-public/styles/large/public/2022-02/Brozgol_Christopher%20St-Sheridan%20Sq_01_Rob%20Wilson.jpg?itok=J6czP5Un
50 St,http://web.mta.info/mta/aft/permanentart/permart.html?agency=nyct&line=1&artist=1&station=11,Alice: The Way Out,/template/images/mta_info.gif
Cortelyou Rd,https://new.mta.info/agency/arts-design/collection/garden-stops,Garden Stops,https://files.mta.info/s3fs-public/styles/large/public/2022-02/Norvell_Courtelyou%20Rd_01_Rob%20Wilson.jpg?itok=RLiftPFy
Beverley Rd,https://new.mta.info/agency/arts-design/collection/garden-stops,Garden Stops,https://files.mta.info/s3fs-public/styles/large/public/2022-02/Norvell_Courtelyou%20Rd_01_Rob%20Wilson.jpg?itok=RLiftPFy
Prospect Park,https://new.mta.info/agency/arts-design/collection/brighton-clay-re-leafs-nos-1-4,Brighton Clay Re-Leaf Nos. 1-4,https://files.mta.info/s3fs-public/styles/large/public/2022-06/Tunick_Prospect%20Park_01_Rob%20Wilson.jpg?itok=NWx8WbQr
Parkside Av,https://new.mta.info/agency/arts-design/collection/brighton-clay-re-leafs-nos-1-4,Brighton Clay Re-Leaf Nos. 1-4,https://files.mta.info/s3fs-public/styles/large/public/2022-06/Tunick_Prospect%20Park_01_Rob%20Wilson.jpg?itok=NWx8WbQr
Ronkonkoma,https://new.mta.info/agency/arts-design/collection/planting,Planting (Dedicated to Long Island Tree Farmers),https://files.mta.info/s3fs-public/styles/large/public/2021-10/Adams_Ronkonkoma_01_Arts%20%26%20Design%20.jpg?itok=NHFc9MGt
Grand Army Plaza,https://new.mta.info/agency/arts-design/collection/wings-for-the-irt,Wings for the IRT: The Irresistible Romance of Travel,https://files.mta.info/s3fs-public/styles/large/public/2022-02/Greengold_Grand%20Army%20Plaza_01_Fiamma%20Piacentini.jpg?itok=omWTHlA9
135 St,https://new.mta.info/agency/arts-design/collection/harlem-timeline,Harlem Timeline,https://files.mta.info/s3fs-public/styles/large/public/2022-02/Birch_135%20St_01_Trent%20Reeves.jpg?itok=KOMoM9Je
34 St-Herald Sq,https://new.mta.info/agency/arts-design/collection/reach-new-york,"Reach New York, An Urban Musical Instrument",https://files.mta.info/s3fs-public/styles/large/public/2021-11/Janney_34th%20Street-Herald%20Sq_01_MTA%20Arts%20%26%20Design.jpg?itok=4JACva8P
Lexington Av/59 St,https://new.mta.info/agency/arts-design/collection/blooming,Blooming,https://files.mta.info/s3fs-public/styles/large/public/2022-02/Murray_59%20Street-Lexington%20Ave_01_Rob%20Wilson.jpg?itok=Hyh9_R8q
125 St,https://new.mta.info/agency/arts-design/collection/flying-home-harlem-heros-and-heroines,Flying Home: Harlem Heroes and Heroines (Downtown and Uptown),https://files.mta.info/s3fs-public/styles/large/public/2022-02/Ringgold_NYCT%20125%20Street_01_Trent%20Reeves.jpg?itok=ZSHLage_
Utica Av,https://new.mta.info/agency/arts-design/collection/childrens-cathedral,Children's Cathedral,https://files.mta.info/s3fs-public/styles/large/public/2022-05/Greene_NYCT%20Utica%20Ave_01_Mike%20Kamber.jpg?itok=HX7OWQHG
3 Av-149 St,https://new.mta.info/agency/arts-design/collection/una-raza-un-mundo-universo,"Una Raza, Un Mundo, Universo (One Race, One World, One Universe)",https://files.mta.info/s3fs-public/styles/large/public/2022-02/Ortega_NYCT%203rd%20Ave-149th%20Street_01_Rob%20Wilson.jpg?itok=TsazJrMH
110 St,https://new.mta.info/agency/arts-design/collection/sabado-en-la-ciento-diez,S‡bado en la Ciento Diez (Saturday on 110th Street),https://files.mta.info/s3fs-public/styles/large/public/2022-02/Vega_110%20Street_01_David%20Lubarsky.jpg?itok=WH66omlD
Brooklyn Bridge-City Hall/Chambers St,https://new.mta.info/agency/arts-design/collection/cable-crossing,Cable Crossing,https://files.mta.info/s3fs-public/styles/large/public/2022-02/Gibian_Brooklyn%20Bridge-City%20Hall-Chambers%20St__01_Michelle%20Shin.jpg?itok=Q50OjWWE
Flatbush Av-Brooklyn College,https://new.mta.info/agency/arts-design/collection/flatbush-floogies,Flatbush Floogies,https://files.mta.info/s3fs-public/styles/large/public/2022-02/Castanis_Brooklyn%20College-Flatbush%20Ave_01_Rob%20Wilson.jpg?itok=yVUVlIyG
Woodhaven Blvd,https://new.mta.info/agency/arts-design/collection/three-statues,In Memory of the Lost Batallion,https://files.mta.info/s3fs-public/styles/large/public/2022-02/Taplin_MNR%20Cortlandt__01_RobWilson.jpg?itok=CwREKvu0
Cortlandt,https://new.mta.info/agency/arts-design/collection/three-statues,Three Statues (A Short History of the Lower Hudson Valley),https://files.mta.info/s3fs-public/styles/large/public/2022-02/Taplin_MNR%20Cortlandt__01_RobWilson.jpg?itok=CwREKvu0
5 Av/59 St,https://new.mta.info/agency/arts-design/collection/urban-oasis,Urban Oasis,https://files.mta.info/s3fs-public/styles/large/public/2022-02/Schaumburger_NYCT%20Fifth%20Ave-59%20Street_01_David%20Lubarsky.jpg?itok=JaktX5Y3
Nevins St,https://new.mta.info/agency/arts-design/collection/work-and-nature,Work & Nature,https://files.mta.info/s3fs-public/styles/large/public/2022-02/Van%20Dalen_Nevins%20Street_01_Rob%20Wilson.jpg?itok=oklcD112
33 St,https://new.mta.info/agency/arts-design/collection/lariat-seat-loops,Lariat Seat Loops,https://files.mta.info/s3fs-public/styles/large/public/2022-02/Garvey_NYCT%2033rd%20Street_01_Mike%20Kamber.jpg?itok=P6hUBOVk
Cortlandt St,https://new.mta.info/agency/arts-design/collection/trade-treasure-travel,"Trade, Treasure and Travel",https://files.mta.info/s3fs-public/styles/large/public/2022-02/Hughto_NYCT%20Cortlandt%20Street_01_Rob%20Wilson.jpg?itok=kKShAY0q
Broadway-Lafayette St,https://new.mta.info/agency/arts-design/collection/signal,Signal,https://files.mta.info/s3fs-public/styles/large/public/2022-06/Chin_NYCT%20Broadway-Lafayette-Bleecker%20Street_a01_Rob%20Wilson.jpg?itok=Q1MUY81x
Grand Central Terminal,https://new.mta.info/agency/arts-design/collection/field-of-wild-flowers,A Field of Wild Flowers,https://files.mta.info/s3fs-public/styles/large/public/2021-11/Juarez_MNR%20Grand%20Central%20Terminal_01_Rob%20Wilson.jpg?itok=2y8_iEJy
Canal St,https://new.mta.info/agency/arts-design/collection/empress-voyage-2-22-1794,Empress Voyage 2.22.1794,https://files.mta.info/s3fs-public/styles/large/public/2022-02/Lee_NYCT%20Canal%20Street_01_MTA%20Arts%20%26%20Design%20.jpg?itok=dmd5S41I
Sheepshead Bay,https://new.mta.info/agency/arts-design/collection/postcards-from-sheepshead-bay,Postcards from Sheepshead Bay,https://files.mta.info/s3fs-public/styles/large/public/2022-02/Goletz_NYCT%20Sheepshead%20Bay_01_Rob%20Wilson%20.jpg?itok=NYYyac5F
Grand Central Terminal,https://new.mta.info/agency/arts-design/collection/sirshasana,Sirshasana,https://files.mta.info/s3fs-public/styles/large/public/2021-11/Lipski_MNR%20Grand%20Central%20Terminal_01_Rob%20Wilson.jpg?itok=D2UcZidz
34 St-Penn Station,https://new.mta.info/agency/arts-design/collection/when-animals-speak,When the animals speak...,https://files.mta.info/s3fs-public/styles/large/public/2021-12/Grajales_NYCT%2034th%20Street-Penn%20Station_01_Rob%20Wilson.jpg?itok=vb6CT_mb
Grand Central Terminal,https://new.mta.info/agency/arts-design/collection/as-above-so-below,"As Above, So Below",https://files.mta.info/s3fs-public/styles/large/public/2021-11/Driscoll_MNR%20Grand%20Central%20Terminal_01_Rob%20Wilson%20.jpg?itok=XY91kpNE
Huntington,https://new.mta.info/agency/arts-design/collection/for-my-grandfather-noye-pride-locomotive-engineer,"For My Grandfather Noye Pride, A Locomotive Engineer",https://files.mta.info/s3fs-public/styles/large/public/2022-02/Zucker_LIRR%20Huntington_01_Mike%20Kamber.jpg?itok=tJkCeiCO
Chambers St/Park Pl,https://new.mta.info/agency/arts-design/collection/oculus,Oculus,https://files.mta.info/s3fs-public/styles/large/public/2022-04/Jones%20%26%20Ginzel_NYCT%20Chambers%20Street-Park%20Place_01%20Rob%20Wilson.jpg?itok=ci78bXvh
Central Park North (110 St),https://new.mta.info/agency/arts-design/collection/message-from-malcom,Message from Malcolm,https://files.mta.info/s3fs-public/styles/large/public/2022-02/Hassinger_NYCT%20Central%20Park%20North-110%20Street_01_Rob%20Wilson.jpg?itok=aupIO3z9
14 St-Union Sq,https://new.mta.info/agency/arts-design/collection/framing-union-square,Framing Union Square,https://files.mta.info/s3fs-public/styles/large/public/2021-11/Miss_NYCT%2014th%20Street-Union%20Sq_01_Rob_Wilson.jpg?itok=QZywib9l
36 St,https://new.mta.info/agency/arts-design/collection/underground-movement-designers-builders-riders,"An Underground Movement: Designers, Builders, Riders",https://files.mta.info/s3fs-public/styles/large/public/2022-02/Smith_NYCT%2036%20Street_01_Trent%20Reeves.jpg?itok=Z4Asc2xT
Cathedral Pkwy (110 St),https://new.mta.info/agency/arts-design/collection/migration,Migration,https://files.mta.info/s3fs-public/styles/large/public/2023-08/Wynter_110%20St_01_Anthony%20Verde.jpg?itok=bcszz4yY
Brighton Beach,https://new.mta.info/agency/arts-design/collection/mermade-dionysus-and-the-pirates,Mermade/Dionysus and the Pirates,https://files.mta.info/s3fs-public/styles/large/public/2022-01/George_NYCT%20Brighton%20Beach_01_Rob%20Wilson.jpg?itok=WDkksPXq
Woodside-61 St,https://new.mta.info/agency/arts-design/collection/woodside-continuum,Woodside Continuum,https://files.mta.info/s3fs-public/styles/large/public/2022-02/Gerakaris_NYCT%20Woodside%20-161%20St_01_Patrick%20Cashin%20.jpg?itok=XPDLRUTG
Bayside,https://new.mta.info/agency/arts-design/collection/bayside-story,Bayside Story,https://files.mta.info/s3fs-public/styles/large/public/2022-02/McGowin_LIRR%20Bayside_01_MTA%20Arts%20%26%20Design%20.jpg?itok=IxH1ZzrY
Franklin Av,https://new.mta.info/agency/arts-design/collection/life-and-continued-growth,Life and Continued Growth,https://files.mta.info/s3fs-public/styles/large/public/2022-02/Pryor_NYCT%20Franklin%20Ave_01_Rob%20Wilson.jpg?itok=QWgzy-PW
Flushing-Main St,https://new.mta.info/agency/arts-design/collection/happy-world,Happy World,https://files.mta.info/s3fs-public/styles/large/public/2022-02/Kang_NYCT%20Flushing-Main%20Street_01_Michelle%20Shin%20.jpg?itok=6fGGNo_e
Park Pl,https://new.mta.info/agency/arts-design/collection/units-of-free,Units of the Free,https://files.mta.info/s3fs-public/styles/large/public/2022-02/Shabaka_NYCT%20Park%20Place_01_Rob%20Wilson.jpg?itok=Tv6WcAFn
Botantic Garden/Franklin Av,https://new.mta.info/agency/arts-design/collection/il7-square,IL7/Square,https://files.mta.info/s3fs-public/styles/large/public/2022-01/Burns_NYCT%20Botanic%20Garden%20Franklin%20Ave_01_Millie%20Burns.jpg?itok=i0Xx-OS8
Inwood-207 St,https://new.mta.info/agency/arts-design/collection/at-the-start-at-long-last,At the Start... At Long Last...,https://files.mta.info/s3fs-public/styles/large/public/2022-01/deBretteville_NYCT%20Inwood-207th%20Street_01_Rob%20Wilson%20.jpg?itok=calfNmFl
Harlem-125 St,https://new.mta.info/agency/arts-design/collection/harlem-encore,Harlem Encore,https://files.mta.info/s3fs-public/styles/large/public/2022-01/Adkins_MNR%20Harlem-125th%20Street_01_Trent%20Reeves.jpg?itok=Qsyo5Bhu
116 St,https://new.mta.info/agency/arts-design/collection/mintons-playhouse-the-movers-and-shakers,"Minton's Playhouse (uptown), The Movers and Shakers (downtown)",https://files.mta.info/s3fs-public/styles/large/public/2022-02/Smith_NYCT%20116%20St_01_Trent%20Reeves.jpg?itok=5rMTPYXI
46 St,https://new.mta.info/agency/arts-design/collection/q-is-for-queens,Q is for Queens,https://files.mta.info/s3fs-public/styles/large/public/2022-04/Heo_NYCT%2046%20Street-Bliss%20Street_01_Rob%20Wilson.jpg?itok=IGp0PIHV
40 St,https://new.mta.info/agency/arts-design/collection/q-is-for-queens,Q is for Queens,https://files.mta.info/s3fs-public/styles/large/public/2022-04/Heo_NYCT%2046%20Street-Bliss%20Street_01_Rob%20Wilson.jpg?itok=IGp0PIHV
33 St,https://new.mta.info/agency/arts-design/collection/q-is-for-queens,Q is for Queens,https://files.mta.info/s3fs-public/styles/large/public/2022-04/Heo_NYCT%2046%20Street-Bliss%20Street_01_Rob%20Wilson.jpg?itok=IGp0PIHV
Wassaic,https://new.mta.info/agency/arts-design/collection/arrival,Arrival,https://files.mta.info/s3fs-public/styles/large/public/2022-04/Huibregtse_MNR%20Wassaic_01_Rob%20Wilson%20.jpg?itok=YAGQFyXz
Grand Central-42 St,https://new.mta.info/agency/arts-design/collection/v-beam,V-Beam,https://files.mta.info/s3fs-public/styles/large/public/2021-11/Sproat_NYCT%20Grand%20Central%20-%2042%20Street_01_Mary%20L%20Bachmann.JPG?itok=Ej5tpqYu
Whitehall St,https://new.mta.info/arts-and-design/collections/passages,Passages,https://files.mta.info/s3fs-public/styles/large/public/2022-04/Giorgini_NYCT%20Whitehall%20Street_01_Rob%20Wilson%20.jpg?itok=SFffk7Zx
Tremont Avenue,https://new.mta.info/arts-and-design/collections/uptown-new-york,Uptown New York,https://files.mta.info/s3fs-public/styles/large/public/2022-04/Hampton_NYCT%20Tremont%20Av_01_Rob%20Wilson.jpg?itok=D_ibsx4l
Metropolitan Av/Lorimer St,https://new.mta.info/agency/arts-design/collection/signs-of-life,Signs of Life,https://files.mta.info/s3fs-public/styles/large/public/2024-06/Jackie%20Chang-Metro-Nick%20Knight%202.jpg?itok=feZcXf1Y
Grand Central-42 Street,https://new.mta.info/agency/arts-design/collection/grand-central-arches-towers-pyramids,"Grand Central: Arches, Towers, Pyramids",https://files.mta.info/s3fs-public/styles/large/public/2021-11/Ferrara_NYCT%20Grand%20Central-42%20Street_01_MTA%20Arts%20%26%20Design%20.jpg?itok=x4LUpxdS
81 St-Museum of Natural History,https://new.mta.info/agency/arts-design/collection/for-want-of-a-nail,For Want of a Nail,https://files.mta.info/s3fs-public/styles/large/public/2022-04/AFT%20Collaborative_81%20St%20-%20Museum%20of%20Natural%20History_01_Rob%20Wilson%20.jpg?itok=ztB0v7F8
Queensboro Plaza,https://new.mta.info/agency/arts-design/collection/columns,Columns,https://files.mta.info/s3fs-public/styles/large/public/2022-04/Cash_NYCT%20Queensboro%20Plaza_01_David%20Lubarsky.jpg?itok=-T62bPqN
Broadway Junction,https://new.mta.info/agency/arts-design/collection/brooklyn-new-morning,"Brooklyn, New Morning",https://files.mta.info/s3fs-public/styles/large/public/2022-04/Loving_NYCT%20Broadway%20Jct_01_Rob%20Wilson%20.jpg?itok=zNXw81wm
Court Sq-23 St,https://new.mta.info/agency/arts-design/collection/stream,Stream,https://files.mta.info/s3fs-public/styles/large/public/2022-04/Murray_NYCT%20Court%20Sq_01_Rob%20Wilson.jpg?itok=MlCLgIYM
34 St-Penn Station,https://new.mta.info/agency/arts-design/collection/garden-of-circus-delights,The Garden of Circus Delights,https://files.mta.info/s3fs-public/styles/large/public/2021-11/Fischl_NYCT%2034%20St-Penn%20Station_01_Rob%20Wilson.jpg?itok=plcalc4h
Times Sq-42 St,https://new.mta.info/agency/arts-design/collection/new-york-in-transit,New York in Transit,https://files.mta.info/s3fs-public/styles/large/public/2021-11/Lawrence_NYCT%20Times%20Square-42%20Street_01_Rob%20Wilson.jpg?itok=-gEhx1JC
Church Av,https://new.mta.info/agency/arts-design/collection/transitions,Transitions,https://files.mta.info/s3fs-public/styles/large/public/2022-04/Delsarte_NYCT%20Church%20Av_01_Rob%20Wilson%20.jpg?itok=x8vvrdrT
Mount Vernon East,https://new.mta.info/agency/arts-design/collection/tranquility,Tranquility,https://files.mta.info/s3fs-public/styles/large/public/2022-04/Blackwell_MNR_Mount%20Vernon%20East_01_MTA%20Arts%20%26%20Design%20.jpg?itok=gVz-gQTM
66 St-Lincoln Center,https://new.mta.info/agency/arts-design/collection/artemis-acrobats-divas-and-dancers,"Artemis, Acrobats, Divas, and Dancers",https://files.mta.info/s3fs-public/styles/large/public/2022-04/Spero_NYCT%2066%20St%20-%20Lincoln%20Center_01_James%20and%20Karla%20Murray.jpg?itok=o6sOtS1u
14 St-8 Av,https://new.mta.info/agency/arts-design/collection/life-underground,Life Underground,https://files.mta.info/s3fs-public/styles/large/public/2022-04/Otterness_NYCT%2014%20St_02_Rob%20Wilson%20.jpg?itok=0ONQaERK
Canal St,https://new.mta.info/agency/arts-design/collection/a-gathering,A Gathering,https://files.mta.info/s3fs-public/styles/large/public/2022-04/Martin%20%26%20Munoz_NYCT%20Canal%20St_01_Rob%20Wilson%20.jpg?itok=iP-_AsyF
Lorimer St,https://new.mta.info/agency/arts-design/collection/roundlet-series,Roundlet Series,https://files.mta.info/s3fs-public/styles/large/public/2022-04/NYCT%20Lorimer%20Street_01_Rob%20Wilson.jpg?itok=KY18Ds9T
Gates Av,https://new.mta.info/agency/arts-design/collection/dream-train,Dream Train,https://files.mta.info/s3fs-public/styles/large/public/2022-04/Robinson_NYCT%20Gates%20Av_01_Rob%20Wilson%20.jpg?itok=cWxBD5Z5
161 St-Yankee Stadium,https://new.mta.info/agency/arts-design/collection/room-of-tranquility,Room of Tranquility,https://files.mta.info/s3fs-public/styles/large/public/2021-10/Brandt_H_RW%20V-2better-HighLight%20copy.jpg?itok=-flidmtD
Pleasantville,https://new.mta.info/agency/arts-design/collection/almost-home,Almost Home,https://files.mta.info/s3fs-public/styles/large/public/2022-04/Greengold-ChanhDo_MNR%20Pleasantville_01_MTA%20Arts%20%26%20Design%20.jpg?itok=aeo8h3O8
23 St,https://new.mta.info/agency/arts-design/collection/memories-of-twenty-third-street,Memories of Twenty-Third Street,https://files.mta.info/s3fs-public/styles/large/public/2022-04/Godard_NYCT%2023%20St_01_Rob%20Wilson%20.jpg?itok=Ee4kWJiy
Hewes St,https://new.mta.info/agency/arts-design/collection/el-in-16-notes,El in 16 Notes,https://files.mta.info/s3fs-public/styles/large/public/2022-04/Held_NYCT%20Hewes%20St_01_MTA%20Arts%20%26%20Design%20.JPG?itok=TNeYLpmV
Chauncey St,https://new.mta.info/agency/arts-design/collection/el-views,El Views,https://files.mta.info/s3fs-public/styles/large/public/2022-04/Dominguez_NYCT%20Chauncey%20St_01_Jeffrey%20Sturges.jpg?itok=YRzCrN9t
28 St,https://new.mta.info/agency/arts-design/collection/city-dwellers,City Dwellers (for Costas and Maro),https://files.mta.info/s3fs-public/styles/large/public/2022-04/Hadjipteras_NYCT%2028%20Street_01_Rob%20Wilson%20.jpg?itok=ceQWhSlG
Times Sq-42 St,https://new.mta.info/agency/arts-design/collection/times-square-max-neuhaus,Times Square,https://files.mta.info/s3fs-public/styles/large/public/2021-11/Neuhaus_NYCT%20Times%20Sq-Broadway-46%20St_01_Rob%20Wilson.jpg?itok=GLHVJ_Xs
72 St,https://new.mta.info/agency/arts-design/collection/laced-canopy,Laced Canopy,https://files.mta.info/s3fs-public/styles/large/public/2022-04/Hickman_NYCT%2072%20Street_01_Rob%20Wilson%20.jpg?itok=jPB6RlqX
Kosciuszko St,https://new.mta.info/agency/arts-design/collection/euphorbias,Euphorbias,https://files.mta.info/s3fs-public/styles/large/public/2022-04/Calloway_NYCT%20Kosciuszko%20St_01_Rob%20Wilson%20.jpg?itok=pWMHAkcn
Times Sq-42 St,https://new.mta.info/agency/arts-design/collection/times-square-mural,Times Square Mural,https://files.mta.info/s3fs-public/styles/large/public/2021-11/Lichtenstein_NYCT%20Times%20Square-42%20Street_01_Rob%20Wilson%20.jpg?itok=JJh-y7jY
Hicksville,https://new.mta.info/agency/arts-design/collection/hempstead-plain-morning-evening,"Morning Transit , Hempstead Plain and Evening Transit, Hempstead Plain",https://files.mta.info/s3fs-public/styles/large/public/2021-10/Nicholson_LIRR_%20Hicksville%20_01_%20Patrick%20Cashin%20..jpg?itok=xHn_02on
42 St-Byrant Pk,https://new.mta.info/agency/arts-design/collection/under-bryant-park,Under Bryant Park,https://files.mta.info/s3fs-public/styles/large/public/2022-04/Kunce_NYCT%2042%20St%20-%20Bryant%20Pk_01_Rob%20Wilson%20.jpg?itok=eWkZnvBf
8 St-NYU,https://new.mta.info/agency/arts-design/collection/broadway-diary,Broadway Diary,https://files.mta.info/s3fs-public/styles/large/public/2022-04/Snell_NYCT%208%20St%20%E2%80%93%20NYU_01_MTA%20Arts%20%26%20Design%20.jpg?itok=-IqR-b-c
Harrison,https://new.mta.info/agency/arts-design/collection/railroads-and-rooftops,Railroads and Rooftops,https://files.mta.info/s3fs-public/styles/large/public/2022-04/Snyder_MNR%20Harrison_01_Helmut%20Schardt.jpg?itok=QZ55JfyB
161 St-Yankee Stadium,https://new.mta.info/agency/arts-design/collection/wall-slide,Wall-Slide,https://files.mta.info/s3fs-public/styles/large/public/2022-04/Acconci_NYCT%20161%20St%20-%20Yankee%20Stadium_01_Rob%20Wilson.jpg?itok=3lhV4qOO
42 St-Port Authority Bus Terminal,https://new.mta.info/agency/arts-design/collection/losing-my-marbles,Losing my Marbles,https://files.mta.info/s3fs-public/styles/large/public/2022-04/Dinhofer_NYCT%2042%20Street-Port%20Authority%20Terminal_01_MTA%20Arts%20%26%20Design%20.jpg?itok=0H7mJmz2
191 St,https://new.mta.info/agency/arts-design/collection/primavera,Primavera,https://files.mta.info/s3fs-public/styles/large/public/2022-04/Colon_NYCT%20191%20Street_01_Patrick%20Cashin%20.jpg?itok=KV97OfLy
125 St,https://new.mta.info/agency/arts-design/collection/polyrhythmics-of-conscious-and-light,Polyrhythmics of Consciousness and Light,https://files.mta.info/s3fs-public/styles/large/public/2022-04/Maynard_NYCT%20125%20Street_01_Rob%20Wilson%20.jpg?itok=01zZznpA
Lexington Av/53rd St,https://new.mta.info/agency/arts-design/collection/passing-through,Passing Through,https://files.mta.info/s3fs-public/styles/large/public/2022-04/Held_NYCT%20Lexington%20Avenue-53rd%20Street_01_Rob%20Wilson%20.jpg?itok=UaIlEIgu
174 St,https://new.mta.info/agency/arts-design/collection/a-trip-up-the-bronx-river,A Trip Up the Bronx River,https://files.mta.info/s3fs-public/styles/large/public/2022-04/del%20Valle_NYCT%20174%20St_01_Rob%20Wilson.jpg?itok=Ul_5XDez
Marcy Av,https://new.mta.info/agency/arts-design/collection/space-odyssey,Space Odyssey,https://files.mta.info/s3fs-public/styles/large/public/2022-04/Ausby_NYCT%20Marcy%20Ave_01_Trent%20Reeves.jpg?itok=5DYTft_v
Atlantic Av-Barclays Ctr,https://new.mta.info/agency/arts-design/collection/hook-line-sinker,"Hook (Archean Reach), Line (Sea House), and Sinker (Mined Swell),",https://files.mta.info/s3fs-public/styles/large/public/2021-11/Trakas_NYCT%20Atlantic%20Av-Barclays%20Center_01_Rob%20Wilson%20.jpg?itok=nSEpuo1a
Crown Hts-Utica Av,https://new.mta.info/agency/arts-design/collection/good-morning-and-good-night,Good Morning and Good Night,https://files.mta.info/s3fs-public/styles/large/public/2022-04/Consuegra_NYCT%20%20Crown%20Heights-Utica%20Ave_01_Rob%20Wilson.jpg?itok=Ts4Ef94_
Prince St,https://new.mta.info/agency/arts-design/collection/carrying-on,Carrying On,https://files.mta.info/s3fs-public/styles/large/public/2022-04/Zweig_NYCT%20Prince%20Street_01_Rob%20Wilson.jpg?itok=WW2jkdYc
Neptune Av,https://new.mta.info/agency/arts-design/collection/looking-up,Looking Up,https://files.mta.info/s3fs-public/styles/large/public/2022-04/Krondl_NYCT%20Neptune%20Ave_01_Rob%20Wilson.jpg?itok=y_LOZr22
Delancey St/Essex St,https://new.mta.info/agency/arts-design/collection/shad-crossing-delancey-orchard,"Shad Crossing, Delancey Orchard",https://files.mta.info/s3fs-public/styles/large/public/2022-04/Fay_NYCT%20Delancey-Essex%20St_01_Rob%20Wilson%20.jpg?itok=ilvHBC0k
Eastern Pkwy-Brooklyn Museum,http://web.mta.info/mta/aft/permanentart/permart.html?agency=nyct&line=3&artist=1&station=19,New York City Architectural Artifacts from the Collection of the Brooklyn Museum,/template/images/mta_info.gif
West Farms Sq-E Tremont Av,https://new.mta.info/agency/arts-design/collection/animal-tracks,Animal Tracks,https://files.mta.info/s3fs-public/styles/large/public/2022-04/Campbell_NYCT%20West%20Farms%20Square-East%20Tremont%20Ave_01_Rob%20Wilson.jpg?itok=FnPm5Wgz
86 St,https://new.mta.info/agency/arts-design/collection/happy-city,Happy City,https://files.mta.info/s3fs-public/styles/large/public/2022-04/Sis_NYCT%2086th%20Street_01_Peter%20Sis_0.jpg?itok=o5-KHlVX
77 St,https://new.mta.info/agency/arts-design/collection/4-seasons-seasoned,4 Seasons Seasoned,https://files.mta.info/s3fs-public/styles/large/public/2022-04/Kushner_NYCT%2077th%20Street_01_Rob%20Wilson%20.jpg?itok=mVyainbQ
Coney Island-Stillwell Av,https://new.mta.info/agency/arts-design/collection/my-coney-island-baby,My Coney Island Baby,https://files.mta.info/s3fs-public/styles/large/public/2022-04/Wilson_NYCT%20Coney%20Island-Stillwell%20Ave_01_Rob%20Wilson%20.jpg?itok=UEmHQpDu
Jackson Hts-Roosevelt Av/74 Stâ-Broadway,https://new.mta.info/agency/arts-design/collection/passage,Passage,https://files.mta.info/s3fs-public/styles/large/public/2022-04/Patti_NYCT%20Jackson%20Heights-Roosevelt%20Ave_01_Rob%20Wilson%20.jpg?itok=uqZMg8YT
Greenport,https://new.mta.info/agency/arts-design/collection/illuminated-station,Illuminated Station,https://files.mta.info/s3fs-public/styles/large/public/2022-04/Thacher_LIRR%20Greenport_01_MTA%20Arts%20%26%20Design%20.JPG?itok=Nuc4_ebx
Yonkers,https://new.mta.info/agency/arts-design/collection/muhheakantuck,Mehheakantuck (The River that Flows Two Ways),https://files.mta.info/s3fs-public/styles/large/public/2022-04/Segal_MNR%20Yonkers_01_Rob%20Wilson%20.jpg?itok=FoAbZzRA
Queens Plaza,https://new.mta.info/agency/arts-design/collection/look-up-not-down,"Look Up, Not Down",https://files.mta.info/s3fs-public/styles/large/public/2022-04/Harvey_NYCT%20Queens%20Plaza_01_Rob%20Wilson%20.jpg?itok=jnCAu0Nq
Woodlawn Av,https://new.mta.info/agency/arts-design/collection/children-at-play,Children at Play,https://files.mta.info/s3fs-public/styles/large/public/2022-04/Gonzalez-Albright_NYCT%20Woodlawn_01_MTA%20Arts%20%26%20Design%20.JPG?itok=X4fOrSpO
Larchmont,https://new.mta.info/agency/arts-design/collection/the-four-seasons,The Four Seasons,https://files.mta.info/s3fs-public/styles/large/public/2022-04/Taylor_MNR%20Larchmont_01_Joy%20Taylor.jpg?itok=B-iPh72f
Fordham Rd,https://new.mta.info/agency/arts-design/collection/patriasana-wholesomeland,"Patriasana, Wholesomeland",https://files.mta.info/s3fs-public/styles/large/public/2022-04/Ros_NYCT%20Fordham%20Road_01_Rob%20Wilson%20.jpg?itok=KXOHIUDL
116 St,https://new.mta.info/agency/arts-design/collection/in-everything-there-is-a-season,In Everything There Is A Season,https://files.mta.info/s3fs-public/styles/large/public/2022-04/Blackburn_NYCT%20116%20Street_01_Argenis%20Apolinario.jpg?itok=1ZI9-XhL
Hempstead,https://new.mta.info/agency/arts-design/collection/lost-and-found,Lost and Found: An Excavation Project,https://files.mta.info/s3fs-public/styles/large/public/2022-04/Baron_LIRR%20Hempstead_01_Irit%20Baniel%20Studios..jpg?itok=lwa1Eqdp
DeKalb Av,https://new.mta.info/agency/arts-design/collection/dekalb-improvisation,DeKalb Improvisation,https://files.mta.info/s3fs-public/styles/large/public/2022-04/Johnson_NYCT%20Dekalb%20Ave_01_Rob%20Wilson.jpg?itok=EpuDZQ1g
Times Sq-42 St,https://new.mta.info/agency/arts-design/collection/times-square-times-35-times,Times Square Times: 35 Times,https://files.mta.info/s3fs-public/styles/large/public/2021-11/Buonagurio_NYCT%20Times%20Square-42%20Street_01_Rob%20Wilson%20.jpg?itok=QdENNtq7
W 8 St-NY Aquarium,https://new.mta.info/agency/arts-design/collection/wavewall,Wavewall,https://files.mta.info/s3fs-public/styles/large/public/2022-04/Acconci_NYCT%20West%208th%20Street-New%20York%20Aquarium_01_Willner%20and%20Jang_0.jpg?itok=AX6gCEHN
Mt Eden Av,https://new.mta.info/agency/arts-design/collection/the-procession-of-folk-3,The Procession of Folk #3,https://files.mta.info/s3fs-public/styles/large/public/2022-03/Bey_NYCT%20Mount%20Eden_01_Rob%20Wilson.jpg?itok=YmFdsdsE
Gun Hill Rd,https://new.mta.info/agency/arts-design/collection/my-sun-mi-sol,"My Sun (Mi Sol), My Planet (Mi Planeta) and My City (Mi Ciudad)",https://files.mta.info/s3fs-public/styles/large/public/2022-03/Arroyo_NYCT%20Gun%20Hill%20Road_01_%20Andrea%20Arroyo.jpg?itok=Mz6xoagq
Bedford Park Blvd-Lehman College,https://new.mta.info/agency/arts-design/collection/community-garden,Community Garden,https://files.mta.info/s3fs-public/styles/large/public/2022-04/Dezso_NYCT%20Bedford%20Park%20Blvd-Lehman%20College_01_RobWilson.jpg?itok=cWCjnh3u
Burke Av,https://new.mta.info/agency/arts-design/collection/bronx-literature,Bronx Literature,https://files.mta.info/s3fs-public/styles/large/public/2022-04/Coron_NYCT%20Burke%20Ave_01_Rob%20Wilson%20.JPG?itok=LmokKrjW
Myrtle-Wyckoff Avs,https://new.mta.info/agency/arts-design/collection/from-earth-to-sky,From Earth to Sky,https://files.mta.info/s3fs-public/styles/large/public/2022-04/Giersbach_NYCT%20Myrtle-Wyckoff_01_Anthony%20Verde.jpg?itok=OiLTEJ4d
Bronx Park East,https://new.mta.info/agency/arts-design/collection/b-is-for-birds-in-the-bronx,B is for Birds in the Bronx,https://files.mta.info/s3fs-public/styles/large/public/2022-03/Alvarez_NYCT%20Bronx-Park%20East_01_Rob%20Wilson%20.jpg?itok=svMmowOi
Riverdale,https://new.mta.info/agency/arts-design/collection/rising-and-setting,Rising and Setting,https://files.mta.info/s3fs-public/styles/large/public/2022-04/Oppenheim_MNR%20Riverdale_01_Rob%20Wilson.jpg?itok=iizIMh_d
170 St,https://new.mta.info/agency/arts-design/collection/view-from-above,Views from Above,https://files.mta.info/s3fs-public/styles/large/public/2022-04/Burstzyn_NYCT%20170%20Street_01_Rob%20Wilson%20.jpg?itok=SInBZMbk
219 St,https://new.mta.info/agency/arts-design/collection/homage,Homage,https://files.mta.info/s3fs-public/styles/large/public/2022-04/D%27Alesandro_NYCT%20219%20Street_01_Rob%20Wilson%20.jpg?itok=odlWnh2Z
176 St,https://new.mta.info/agency/arts-design/collection/reaching-out-for-each-other,Reaching Out For Each Other,https://files.mta.info/s3fs-public/styles/large/public/2022-04/Sanchez_NYCT%20176%20Street_01_Rob%20Wilson%20.jpg?itok=wQ8_yXOJ
Allerton Av,https://new.mta.info/agency/arts-design/collection/allerton-mandalas,Allerton Mandalas,https://files.mta.info/s3fs-public/styles/large/public/2022-03/Brody_NYCT%20Allerton%20Ave_01_Rob%20Wilson%20.jpg?itok=24_GucS3
225 St,https://new.mta.info/agency/arts-design/collection/universal-city,Universal City,https://files.mta.info/s3fs-public/styles/large/public/2022-04/Enright_NYCT%20225%20St_01_Jeffrey%20Sturges.jpg?itok=6h0q4xRF
Nereid Av,https://new.mta.info/agency/arts-design/collection/leaf-of-life,Leaf of Life,https://files.mta.info/s3fs-public/styles/large/public/2022-04/Copeland_NYCT%20Nereid%20Ave-238%20St_01_Francois%20Portmann.jpg?itok=-2Q7y4Vv
Flushing Av,https://new.mta.info/agency/arts-design/collection/migration-holder-flushing,Migration,https://files.mta.info/s3fs-public/styles/large/public/2022-04/Holder_NYCT%20Flushing%20Ave_01_Rob%20Wilson%20.jpg?itok=TFsI2C4q
233 St,https://new.mta.info/agency/arts-design/collection/a-secret-garden,A Secret Garden: There's No Place Like Home,https://files.mta.info/s3fs-public/styles/large/public/2022-04/Hastanan_NYCT%20233%20St_01_Rob%20Wilson.jpg?itok=J27wJU_w
Van Siclen Av,https://new.mta.info/agency/arts-design/collection/the-view-from-here,The View From Here,https://files.mta.info/s3fs-public/styles/large/public/2022-02/Ellmann_NYCT%20Van%20Siclen%20Avenue_01_Peter%20Chin.jpg?itok=pi_jYkp_
167 St,https://new.mta.info/agency/arts-design/collection/a-bronx-reflection,A Bronx Reflection,https://files.mta.info/s3fs-public/styles/large/public/2022-02/Sun_NYCT%20167%20St_01_Rob%20Wilson%20_0.jpg?itok=pQ3vmKlO
Freeman St,https://new.mta.info/agency/arts-design/collection/the-el,The El,https://files.mta.info/s3fs-public/styles/large/public/2022-02/Hauben_NYCT%20Freeman%20St_01_Daniel%20Hauben.jpg?itok=NCULTfU-
New Lots Av,https://new.mta.info/agency/arts-design/collection/16-windows,16 Windows,https://files.mta.info/s3fs-public/styles/large/public/2022-02/Tung_NYCT%20New%20Lots%20Avenue_01_Eugenie%20Tung.jpg?itok=bxYZbQ9L
Kingsbridge Rd,https://new.mta.info/agency/arts-design/collection/urban-motif,Urban Motif,https://files.mta.info/s3fs-public/styles/large/public/2022-02/Muller_NYCT%20Kingsbridge%20Road_01_Rob%20Wilson%20_0.jpg?itok=wQbDgQGb
E 105 St,https://new.mta.info/agency/arts-design/collection/crescendo,Crescendo,https://files.mta.info/s3fs-public/styles/large/public/2022-02/Ingui_NYCT%20E.%20105th%20Street_Michael%20Ingui_01_Peter%20Peirce.jpg?itok=vR6-d9U3
Dobbs Ferry,https://new.mta.info/agency/arts-design/collection/floating-auriculas,Floating Auriculas,https://files.mta.info/s3fs-public/styles/large/public/2022-02/Nancy%20Blum_MNR%20Dobbs%20Ferry_01_MTA%20Arts%20%26%20Design%20.jpg?itok=fRKyISxJ
Livonia Av,https://new.mta.info/agency/arts-design/collection/seasons,Seasons,https://files.mta.info/s3fs-public/styles/large/public/2022-02/Philomena%20Williamson_NYCT%20Livonia%20Avenue_01_Anthony%20Verde%20_0.jpg?itok=jko3b8gL
Sutter Av,https://new.mta.info/agency/arts-design/collection/the-habitat-for-the-yellow-bird,The Habitat for the Yellow Bird,https://files.mta.info/s3fs-public/styles/large/public/2022-02/Noda_NYCT%20Sutter%20Ave_01_Edward%20Lee.jpg?itok=BbyheGIL
Pelham Pkwy,https://new.mta.info/agency/arts-design/collection/back-to-the-garden,Back to the Garden,https://files.mta.info/s3fs-public/styles/large/public/2022-02/Arai_NYCT%20Pelham%20Parkway_01_Peter%20Chin%20.jpg?itok=mHC_Ctsl
Mosholu Pkwy,https://new.mta.info/agency/arts-design/collection/metromorphosis-birth-of-a-station,Metromorphosis/Birth of a Station,https://files.mta.info/s3fs-public/styles/large/public/2022-01/Grondahl_NYCT%20Mosholu%20Parkway_01_Rob%20Wilson.jpg?itok=vJ_OguAv
231 St,https://new.mta.info/agency/arts-design/collection/magic-realism-in-kingsbridge,Magic Realism in Kingsbridge,https://files.mta.info/s3fs-public/styles/large/public/2022-01/Galindo_NYCT%20231%20St_01_Michael%20Chiabaudo.jpg?itok=kA5kPzhw
Times Sq-42 St,https://new.mta.info/agency/arts-design/collection/revelers,The Revelers,https://files.mta.info/s3fs-public/styles/large/public/2021-11/Dickson_Times%20Square-42%20Street_01_Thierry%20Gourjon%20.jpg?itok=eYpdITOZ
Broadway,https://new.mta.info/agency/arts-design/collection/celadon-remnants,Celadon Remnants,https://files.mta.info/s3fs-public/styles/large/public/2022-01/Shin_LIRR%20Broadway_01_Seong%20Kwon.jpg?itok=LfMhup05
183 St,https://new.mta.info/agency/arts-design/collection/many-trails,Many Trails,https://files.mta.info/s3fs-public/styles/large/public/2022-01/Ortiz_NYCT%20183%20St_01_Becket%20Logan%20.JPG?itok=yQQ4YdnG
Rockaway Park-Beach 116 St,https://new.mta.info/agency/arts-design/collection/first-on-the-beach-and-wednesday-night-fireworks,First on the Beach and Wednesday Night Fireworks,https://files.mta.info/s3fs-public/styles/large/public/2022-01/Kozik_NYCT%20B.%20116%20Rockaway_01_Heidi%20Cody.jpg?itok=GMD5gN7M
Burnside Av,https://new.mta.info/agency/arts-design/collection/how-to-get-to-the-moon,How to get to the moon...,https://files.mta.info/s3fs-public/styles/large/public/2022-01/Battle_NYCT%20Burnside%20Ave_01_Chris%20Kendall.jpg?itok=34OVnvkE
Simpson St,https://new.mta.info/agency/arts-design/collection/urban-renewal,Urban Renewal,https://files.mta.info/s3fs-public/styles/large/public/2022-01/Amowitz_%20NYCT%20Simpson%20St_01_MTA%20Arts%20%26%20Design%20.jpg?itok=z0W3OAJE
Valley Stream Station,https://new.mta.info/agency/arts-design/collection/on-the-trail-of-the-rising-sun,On the Trail of the Rising Sun,https://files.mta.info/s3fs-public/styles/large/public/2022-01/Abrahamson_LIRR%20Valley%20Stream_01_Rob%20Wilson.jpg?itok=x7HHg3n9
Prospect Av,https://new.mta.info/agency/arts-design/collection/bronx-four-seasons,Bronx. Four Seasons,https://files.mta.info/s3fs-public/styles/large/public/2022-01/Tsersarskaya_NYCT%20Prospect%20Ave_01_Rob%20Wilson.jpg?itok=Q11MfUb2
Halsey St,https://new.mta.info/agency/arts-design/collection/sol-scrypt,SOL'SCRYPTT,https://files.mta.info/s3fs-public/styles/large/public/2022-01/SOL%27SAX_MTA%20Arts%20%26%20Design_01_Trent%20Reeves.jpg?itok=gikVs7Dp
Atlantic Terminal,https://new.mta.info/agency/arts-design/collection/overlook,Overlook,https://files.mta.info/s3fs-public/styles/large/public/2021-11/Wexler_LIRR%20Atlantic%20Terminal_01_Rob%20Wilson.jpg?itok=3YeLVPVR
Jay St-MetroTech,https://new.mta.info/agency/arts-design/collection/departures-and-arrivals,Departures and Arrivals,https://files.mta.info/s3fs-public/styles/large/public/2022-01/Snead_NYCT%20Jay%20Street_01_Collin%20LaFleche.jpg?itok=hE9MFe_W
Seaford,https://new.mta.info/agency/arts-design/collection/blue-sky-pursuit,Blue Sky Pursuit,https://files.mta.info/s3fs-public/styles/large/public/2022-01/Seaford_LIRR%20Seaford_01_Rob%20Wilson.jpg?itok=hv6zj0yX
South Ferry,https://new.mta.info/agency/arts-design/collection/see-it-split-see-it-change,"See it split, see it change",https://files.mta.info/s3fs-public/styles/large/public/2022-01/Starn_NYCT%20South%20Ferry_01_Doug%20and%20Mike%20Starn.jpg?itok=gHX17WoJ
Yankees-East 153rd Street,https://new.mta.info/agency/arts-design/collection/the-home-of-the-stars,The Home of the Stars,https://files.mta.info/s3fs-public/styles/large/public/2022-01/Harvey_MNR%20Yankee%20Stadium_01_Rob%20Wilson.jpg?itok=Y9UKVoh_
Jackson Av,https://new.mta.info/agency/arts-design/collection/latin-american-stories,Latin American Stories,https://files.mta.info/s3fs-public/styles/large/public/2022-01/Crespo_NYCT%20Jackson%20Ave_01_Nelson%20Bakerman.jpg?itok=r3XbZF5J
Philipse Manor,https://new.mta.info/agency/arts-design/collection/north-south-and-home,"North, South and Home",https://files.mta.info/s3fs-public/styles/large/public/2022-01/Cavalieri_MNR%20Philipse%20Manor_01_Veronica%20Sharon.jpg?itok=xEgTLRg2
59 St-Columbus Circle,https://new.mta.info/agency/arts-design/collection/whirls-and-twirls-mta,Whirls and twirls (MTA),https://files.mta.info/s3fs-public/styles/large/public/2022-01/LeWitt_NYCT%2059th%20St-Columbus%20Circle_01_Rob%20Wilson.jpg?itok=i5JEUHTP
Wakefield-241 St,https://new.mta.info/agency/arts-design/collection/permanent-residents-and-visitors,Permanent Residents and Visitors,https://files.mta.info/s3fs-public/styles/large/public/2022-01/Ceibal_Wakefield-241%20Street_01_Rob%20Wilson.jpg?itok=oreaib68
Whitlock Av,https://new.mta.info/agency/arts-design/collection/bronx-river-view,Bronx River View,https://files.mta.info/s3fs-public/styles/large/public/2022-01/Grygutis_NYCT%20Whitlock%20Ave_01_Peter%20Pierce.jpg?itok=bVF3vkOD
Ocean Pkwy,https://new.mta.info/agency/arts-design/collection/coney-island-reliefs,Coney Island Reliefs,https://files.mta.info/s3fs-public/styles/large/public/2022-01/Masters_NYCT%20Ocean%20Parkway%20Viaduct_01_MTA%20Arts%20%26%20Design%20.JPG?itok=xwqndcrb
Scarborough,https://new.mta.info/agency/arts-design/collection/untitled-with-sky,Untitled with Sky,https://files.mta.info/s3fs-public/styles/large/public/2022-01/Porter-Tiscornia_MNR%20Scarborough_01_Rob%20Wilson.jpg?itok=5HmJkQNZ
Morrison Av-Soundview,https://new.mta.info/agency/arts-design/collection/the-land-between-two-waters,The Land Between Two Waters,https://files.mta.info/s3fs-public/styles/large/public/2022-01/Cristalli%20and%20Brown_NYCT%20Morrison%20Ave-Soundview_01_Maggie%20Soladay.jpg?itok=CmRPIm0p
96 St,https://new.mta.info/agency/arts-design/collection/bloemendaal,Bloemendaal,https://files.mta.info/s3fs-public/styles/large/public/2022-01/Antenna%20Design%20New%20York-Masamichi%20Udagawa%20and%20Sigi%20Moeslinger_NYCT%2096%20St_01_Rob%20Wilson%20.jpg?itok=yJqF-wFE
Ossining,https://new.mta.info/agency/arts-design/collection/k-m-g,KÑMÑG,https://files.mta.info/s3fs-public/styles/large/public/2022-01/Goodnough_MNR%20Ossining_01_Rob%20Wilson%20.jpg?itok=Y4G9ak7H
St Lawrence Av,https://new.mta.info/agency/arts-design/collection/community,"Community (Acer rubrum, Rosa palustris, Smilax rotundifolia, Carya cordiformis),",https://files.mta.info/s3fs-public/styles/large/public/2022-01/Moritsugu_NYCT%20St.%20Lawrence%20Ave_01_Peter%20Peirce.jpg?itok=zw8AEM0J
86 St,https://new.mta.info/agency/arts-design/collection/heydays,Heydays,https://files.mta.info/s3fs-public/styles/large/public/2021-12/Bennett_86%20St_01_Adam%20Reich.jpg?itok=XS1AduXq
Port Chester,https://new.mta.info/agency/arts-design/collection/images-of-port-chester,Port Chester Scenes,https://files.mta.info/s3fs-public/styles/large/public/2021-11/Greenwald_MNR_%20Port%20Chester%20_01_%20Doug%20Biaz_0.jpg?itok=b_npkfY9
Beach 105 St,https://new.mta.info/agency/arts-design/collection/vast,Vast,https://files.mta.info/s3fs-public/styles/large/public/2022-01/Hirsch_NYCT%20Beach%20105%20St_01_Rob%20Wilson.jpg?itok=uv38KX1S
Beach 98 St,https://new.mta.info/agency/arts-design/collection/be-good-or-be-gone,Be Good or Be Gone,https://files.mta.info/s3fs-public/styles/large/public/2022-04/Riley_NYCT%20Beach%2098%20St_01_Rob%20Wilson.jpg?itok=HyX5FWu8
Beach 36 St,https://new.mta.info/agency/arts-design/collection/symphonic-convergence-1-2,Convergence 1&2,https://files.mta.info/s3fs-public/styles/large/public/2022-01/Bates_NYCT%20Beach%2036%20Street_01_Rob%20Wilson.jpg?itok=wrs1Ftag
Beach 67 St,https://new.mta.info/agency/arts-design/collection/on-and-off-the-boardwalk,On and Off the Boardwalk,https://files.mta.info/s3fs-public/styles/large/public/2022-01/Fast_NYCT%20Beach%2067%20Street_01_Rob%20Wilson.jpg?itok=yeA1cvnn
Wall St,https://new.mta.info/agency/arts-design/collection/lariat-tapers,Lariat Tapers,https://files.mta.info/s3fs-public/styles/large/public/2022-01/Garvey_NYCT%20Wall%20Street_01_Fred%20Gilbert.jpg?itok=bNL_iVsi
Avenue U,https://new.mta.info/agency/arts-design/collection/brooklyn-seeds,Brooklyn Seeds,https://files.mta.info/s3fs-public/styles/large/public/2022-01/Middlebrook_NYCT%20Ave%20U_01_Rob%20Wilson.jpg?itok=P0PoYDo8
Far Rockaway-Mott Av,https://new.mta.info/agency/arts-design/collection/respite,Respite,https://files.mta.info/s3fs-public/styles/large/public/2022-01/Rohlf_NYCT%20Far%20Rockaway-Mott%20Ave_01_Rob%20Wilson.jpg?itok=gZhqp88H
Elder Av,https://new.mta.info/agency/arts-design/collection/bronx-trees,Bronx Trees,https://files.mta.info/s3fs-public/styles/large/public/2022-01/Whitesavage%20and%20Lyle_NYCT%20Elder%20Ave_01_Rob%20Wilson%20.jpg?itok=-MxTvAm4
Beach 44 St,https://new.mta.info/agency/arts-design/collection/coom-barooom,Coom Barooom,https://files.mta.info/s3fs-public/styles/large/public/2022-01/Parisi_NYCT%20Beach%2044%20Street_01_Rob%20Wilson%20.jpg?itok=MurHDwov
E 180 St,https://new.mta.info/agency/arts-design/collection/station-villa,Station Villa,https://files.mta.info/s3fs-public/styles/large/public/2022-01/Caldwell_NYCT%20East%20180%20St_01_Tony%20Sahara.jpg?itok=p2rgSe7j
Neck Rd,https://new.mta.info/agency/arts-design/collection/west-wall-east-light-morning,"West Wall, East Light, Morning",https://files.mta.info/s3fs-public/styles/large/public/2022-01/Temple_NYCT%20Neck%20Road_01_Etienne%20Frossard.jpg?itok=5CeVqVoW
Rye,https://new.mta.info/agency/arts-design/collection/untitled-mullican-rye,Untitled,https://files.mta.info/s3fs-public/styles/large/public/2022-01/Mullican_MNR%20Rye_01_Jason%20Mandella.jpg?itok=5bOvaqym
Beach 25 St,https://new.mta.info/agency/arts-design/collection/past-present-future,Past/Present/Future,https://files.mta.info/s3fs-public/styles/large/public/2022-01/Lopez_NYCT%20Beach%2025%20Street_01_Jesse%20Ross.jpg?itok=jLOpJkgF
Beach 90 St,https://new.mta.info/agency/arts-design/collection/surf-station-90,Surf Station 90,https://files.mta.info/s3fs-public/styles/large/public/2022-01/Miller_NYCT%20Beach%2090%20Street_01_Rob%20Wilson%20.jpg?itok=law2Xa-M
Avenue M,https://new.mta.info/agency/arts-design/collection/bird-laid-bare-hare-apparent,Hare Apparent,https://files.mta.info/s3fs-public/styles/large/public/2022-01/MacDonald_NYCT%20Ave%20J_01_Etienne%20Frossard.jpg?itok=LWCTQkmm
Avenue J,https://new.mta.info/agency/arts-design/collection/bird-laid-bare-hare-apparent,Bird Laid Bare,https://files.mta.info/s3fs-public/styles/large/public/2022-01/MacDonald_NYCT%20Ave%20J_01_Etienne%20Frossard.jpg?itok=LWCTQkmm
Beach 60 St,https://new.mta.info/agency/arts-design/collection/beaches-of-new-york-city,The Beaches of New York City,https://files.mta.info/s3fs-public/styles/large/public/2022-01/Levenson_NYCT%20Beach%2060%20Street_01_Rob%20Wilson.jpg?itok=gL5kEG47
Parkchester,https://new.mta.info/agency/arts-design/collection/day-in-parkchester,A Day in Parkchester,https://files.mta.info/s3fs-public/styles/large/public/2022-01/Low_NYCT%20Parkchester_01_Rob%20Wilson%20.jpg?itok=M-SLGAnb
25 Av,https://new.mta.info/agency/arts-design/collection/rediscovery,Rediscovery,https://files.mta.info/s3fs-public/styles/large/public/2021-12/Cheng_NYCT%2025%20Ave_01_Nelson%20Villarreal.jpg?itok=8GQk-NkO
62 St,https://new.mta.info/agency/arts-design/collection/nature-rail,Nature Rail,https://files.mta.info/s3fs-public/styles/large/public/2021-12/Dezso_NYCT%2062%20St_01_Trent%20Reeves%20.jpg?itok=STDrhGy8
9 Av,https://new.mta.info/agency/arts-design/collection/bees-for-sunset-park,Bees for Sunset Park,https://files.mta.info/s3fs-public/styles/large/public/2021-12/Russell_NYCT%209%20Ave_01_Stefan%20Hagen.jpg?itok=7Uyy5TpR
50 St,https://new.mta.info/agency/arts-design/collection/internal-connectivity,Internal Connectivity,https://files.mta.info/s3fs-public/styles/large/public/2022-01/Zeller_NYCT%20Bay%2050%20Street_01_Michael%20Duva.jpg?itok=6jYwPBHU
Avenue H,https://new.mta.info/agency/arts-design/collection/brooklyn-bucolic,Brooklyn Bucolic,https://files.mta.info/s3fs-public/styles/large/public/2021-12/Kopel_NYCT%20Ave%20H_01_Rob%20Wilson%20.jpg?itok=gePh7XH7
18 Av,https://new.mta.info/agency/arts-design/collection/bensonhurst-gardens,Bensonhurst Gardens,https://files.mta.info/s3fs-public/styles/large/public/2021-12/Simeti_NYCT%2018th%20Av_01_Etienne%20Frossard.jpg?itok=MkvTaxaR
Tarrytown,https://new.mta.info/agency/arts-design/collection/hudson-river-explorers,Hudson River Explorers,https://files.mta.info/s3fs-public/styles/large/public/2021-12/Sears_MNR%20Tarrytown_01_Michael%20Hnatov.jpg?itok=pBGWZUOa
71 St,https://new.mta.info/agency/arts-design/collection/flora-of-bensonhurst,The Flora of Bensonhurst,https://files.mta.info/s3fs-public/styles/large/public/2021-12/Linder_NYCT%2071%20St_01_Etienne%20Frossard.jpg?itok=zqpJFox2
Peekskill,https://new.mta.info/agency/arts-design/collection/jan-peecks-vine,Jan Peeck's Vine,https://files.mta.info/s3fs-public/styles/large/public/2022-01/Taylor_MNR%20Peekskill_01_Ken%20Shung%20.jpg?itok=JvQI8xDP
Broadway-Lafayette St / Bleecker St,https://new.mta.info/agency/arts-design/collection/hive-bleecker-street,Hive (Bleecker Street),https://files.mta.info/s3fs-public/styles/large/public/2022-01/Villareal_NYCT%20Bleecker_01_James%20Ewing.jpg?itok=hTQt7b8S
20 Av,https://new.mta.info/agency/arts-design/collection/kaleidoscope,Kaleidoscope,https://files.mta.info/s3fs-public/styles/large/public/2022-03/Odita_NYCT%2020%20Ave_02_Karen%20Mauch.jpg?itok=jyRTSD45
Fort Hamilton Pkwy,https://new.mta.info/agency/arts-design/collection/gardens-of-fort-hamilton-parkway-station,Gardens of Fort Hamilton Parkway Station,https://files.mta.info/s3fs-public/styles/large/public/2021-12/Munson_NYCT%20Fort%20Hamilton%20Pkwy_01_Susan%20Alzner.jpg?itok=qHa_0dO9
79 St,https://new.mta.info/agency/arts-design/collection/a-continuous-thread,A Continuous Thread,https://files.mta.info/s3fs-public/styles/large/public/2022-01/Starr_NYCT%2079%20Street_01_Tom%20Powel.jpg?itok=DHlATqP0
Hunters Point Av,https://new.mta.info/agency/arts-design/collection/hunters-point-avenue-project,Hunters Point Project,https://files.mta.info/s3fs-public/styles/large/public/2021-12/Keightley_NYCT%20Hunters%20Point_01_%20Stefan%20Hagen_0.jpg?itok=9jagL5oZ
Bay Pkwy,https://new.mta.info/agency/arts-design/collection/tree-of-life,Tree of Life,https://files.mta.info/s3fs-public/styles/large/public/2021-12/Song_NYCT%20Bay%20Pkwy_01_Anthony%20Verde.jpg?itok=rUdBF7S6
Smith-9th Sts,https://new.mta.info/arts-and-design/collection/nautical-charts,Nautical Chartsâ-Gowanus & Red Hook from 1733â-1922; Fathom Points + Compass Bearings,https://files.mta.info/s3fs-public/styles/large/public/2021-11/Shotz_NYCT%20Smith-9th%20Street_01_Rob%20Wilson.jpg?itok=nLMNpnaG
Knickerbocker Av,https://new.mta.info/agency/arts-design/collection/the-digs,The Digs,https://files.mta.info/s3fs-public/styles/large/public/2021-11/Lane_NYCT%20Knickerbocker%20Ave_01_Peter%20Peirce.jpg?itok=o0r8TS0U
Croton-Harmon,https://new.mta.info/agency/arts-design/collection/croton-harmon-station,Croton-Harmon Station,https://files.mta.info/s3fs-public/styles/large/public/2021-12/Ulmann_%20MNR%20Croton-Harmon_01_Ngoc%20Minh%20Ngo.jpg?itok=E_-1jQf3
Central Av,https://new.mta.info/agency/arts-design/collection/generation-dynamica,Generation Dynamica,https://files.mta.info/s3fs-public/styles/large/public/2021-11/Bates_NYCT%20Central%20Ave_01_Kisha%20Bar.jpg?itok=Zxfq9Az3
Fresh Pond Rd,https://new.mta.info/agency/arts-design/collection/dom-variations,Dom (Variations),https://files.mta.info/s3fs-public/styles/large/public/2021-11/Gibellini_NYCT%20Seneca%20Ave_01_Stephen%20S%20Gross.jpg?itok=L159rQEs
Seneca Av,https://new.mta.info/agency/arts-design/collection/dom-variations,Dom (Variations),https://files.mta.info/s3fs-public/styles/large/public/2021-11/Gibellini_NYCT%20Seneca%20Ave_01_Stephen%20S%20Gross.jpg?itok=L159rQEs
Forest Av,https://new.mta.info/agency/arts-design/collection/dom-variations,Dom (Variations),https://files.mta.info/s3fs-public/styles/large/public/2021-11/Gibellini_NYCT%20Seneca%20Ave_01_Stephen%20S%20Gross.jpg?itok=L159rQEs
Mother Clara Hale Bus Depot,https://new.mta.info/agency/arts-design/collection/mother-hales-garden,Mother Hale's Garden,https://files.mta.info/s3fs-public/styles/large/public/2021-11/Smith_MCH%20Bus%20Depot_01_Eric%20Wolfe.jpg?itok=8Gjb3Gkt
Fulton Center,https://new.mta.info/agency/arts-design/collection/sky-reflector-net,Sky Reflector-Net,https://files.mta.info/s3fs-public/styles/large/public/2021-10/Carpenter_Fulton%20Center_01_Patrick%20Cashin%20.jpg?itok=51u5wSKQ
Mamaroneck,https://new.mta.info/agency/arts-design/collection/where-the-sweet-waters-fall,Where the Sweet Waters Fall,https://files.mta.info/s3fs-public/styles/large/public/2021-10/Cridler_Mamaroneck_01_Peter%20Peirce%20.jpg?itok=72kqsoAy
Pelham,https://new.mta.info/agency/arts-design/collection/home-inside-outside,HOME: INSIDE/OUTSIDE,https://files.mta.info/s3fs-public/styles/large/public/2021-10/Eiferman_Pelham_01_Andy%20Wainwright.jpg?itok=vuyeB3QF
Middletown Rd,https://new.mta.info/agency/arts-design/collection/cross-bronx-waterway,Cross-Bronx Waterway,https://files.mta.info/s3fs-public/styles/large/public/2021-10/Schachter-Levi_Middletown%20Road_01_AD%20.JPG?itok=0pTV4a2K
104 St,https://new.mta.info/agency/arts-design/collection/on-the-right-track,On the Right Track,https://files.mta.info/s3fs-public/styles/large/public/2021-10/Coron_104th%20Street_01_Etienne%20Frossard%20.jpg?itok=4BQstAWU
88 St,https://new.mta.info/agency/arts-design/collection/morphings88,MORPHING88,https://files.mta.info/s3fs-public/styles/large/public/2021-10/Lalvani_88th%20Street_01_Bill%20Kontzias%20.jpg?itok=DAzkOPKg
Zerega Av,https://new.mta.info/agency/arts-design/collection/garden-of-earthly-delights,Garden of Earthly Delights,https://files.mta.info/s3fs-public/styles/large/public/2021-10/Arredondo_Zerega%20Avenue_01_James%20and%20Karla%20Murray.jpg?itok=ouy4VzlI
Wyandanch Parking Garage,https://new.mta.info/agency/arts-design/collection/just-jazz,Just Jazz,https://files.mta.info/s3fs-public/styles/large/public/2021-10/Booker_Wyandanch_01_Sid%20Tabak%20%20%20%20.jpg?itok=XPixclCD
Massapequa,https://new.mta.info/agency/arts-design/collection/waiting-for-toydot,Waiting for Toydot,https://files.mta.info/s3fs-public/styles/large/public/2023-08/Drake_Massapequa_01_Jason%20Mandella.jpg?itok=lyvNheV7
Castle Hill Av,https://new.mta.info/agency/arts-design/collection/bronx-heart-homeland,"Bronx: Heart, Homeland",https://files.mta.info/s3fs-public/styles/large/public/2021-10/De%20Carvalho_Castle%20Hill%20Avenue_01_Ken%20Shung%20.JPG?itok=Cy1ndR4p
Rockaway Blvd,https://new.mta.info/agency/arts-design/collection/connections,Connections,https://files.mta.info/s3fs-public/styles/large/public/2021-10/King_Rockaway%20Blvd_01_Ray%20King%20.jpg?itok=MW564-7J
North White Plains Parking Garage,https://new.mta.info/agency/arts-design/collection/percolate,Percolate,https://files.mta.info/s3fs-public/styles/large/public/2021-10/SITU%20Studio_North%20White%20Plains_01_John%20Muggenborg.jpg?itok=pa1_sFdt
Buhre Av,https://new.mta.info/agency/arts-design/collection/have-a-happy-day,Have a Happy Day,https://files.mta.info/s3fs-public/styles/large/public/2021-10/Tark_Buhre%20Avenue_01_Soonae%20Tark%20%20%20%20.jpg?itok=T4Osoz-4
34 St-Hudson Yards,https://new.mta.info/agency/arts-design/collection/funktional-vibrations,Funktional Vibrations,https://files.mta.info/s3fs-public/styles/large/public/2021-10/Bailey_34%20St.%20%E2%80%93%20Hudson%20Yards%20station_01_D-Sundberg.jpg?itok=Wtdvzz3l
Ditmas Av,https://new.mta.info/agency/arts-design/collection/inheritance-in-memory-of-american-glass,Inheritance: In Memory of American Glass,https://files.mta.info/s3fs-public/styles/large/public/2023-08/Lynch_DitmasAv_01_Etienne%20Frossard.jpg?itok=Np10bhGK
Croton-Harmon,https://new.mta.info/agency/arts-design/collection/croton-harmon-station,Croton-Harmon Station,https://files.mta.info/s3fs-public/styles/large/public/2021-12/Ulmann_%20MNR%20Croton-Harmon_01_Ngoc%20Minh%20Ngo.jpg?itok=E_-1jQf3
Fordham,https://new.mta.info/agency/arts-design/collection/eureka,Eureka,https://files.mta.info/s3fs-public/styles/large/public/2021-10/Funderburgh_Fordham_01_Brian%20Kelley.jpg?itok=bj6Yaii-
111 St,https://new.mta.info/agency/arts-design/collection/home-sweet-home,Home Sweet Home,https://files.mta.info/s3fs-public/styles/large/public/2021-10/Ganjian%20_111th%20Street_01_Kevin%20Noble.jpg?itok=U8iCtMxd
80 St,https://new.mta.info/agency/arts-design/collection/soar,SOAR,https://files.mta.info/s3fs-public/styles/large/public/2021-10/Pearlman_80th%20Street_01_Jason%20Mandella%20.jpg?itok=Ekrxcrou
Junius St,https://new.mta.info/agency/arts-design/collection/wisdom-along-way,Paroles Vagabondes/Wisdom Along the Way,https://files.mta.info/s3fs-public/styles/large/public/2021-10/Lebreton_Rockaway%20Ave_01_Trish%20Mayo.jpg?itok=7SqOnmDh
Rockaway Av,https://new.mta.info/agency/arts-design/collection/wisdom-along-way,Paroles Vagabondes/Wisdom Along the Way,https://files.mta.info/s3fs-public/styles/large/public/2021-10/Lebreton_Rockaway%20Ave_01_Trish%20Mayo.jpg?itok=7SqOnmDh
86 St,https://new.mta.info/agency/arts-design/collection/subway-portraits,Subway Portraits,https://files.mta.info/s3fs-public/styles/large/public/2021-10/Close_86th%20Street_01_Nafis%20Azad.jpg?itok=o1-NJlz0
Avenue X,https://new.mta.info/agency/arts-design/collection/avex1-6-station,AVEX1-6(station),https://files.mta.info/s3fs-public/styles/large/public/2021-10/Lerner_Ave%20X_01_Artist%2C%20Derek%20Lerner.jpg?itok=5YwIDeI4
Lexington Av/63 St,https://new.mta.info/agency/arts-design/collection/elevated,Elevated,https://files.mta.info/s3fs-public/styles/large/public/2021-10/Shin_63rd%20Street_01_Etienne%20Frossard.jpg?itok=CdyZsjFh
Arthur Kill,https://new.mta.info/agency/arts-design/collection/tottenville-sun-tottenville-sky,"Tottenville Sun, Tottenville Sky",https://files.mta.info/s3fs-public/styles/large/public/2021-10/Lucente_Arthur%20Kill_01_Michael%20McWeeney.jpg?itok=UF1G02KO
Bay Ridge Av,https://new.mta.info/agency/arts-design/collection/strata,Strata,https://files.mta.info/s3fs-public/styles/large/public/2021-10/Fischer_Bay%20Ridge%20Avenue_01_Peter%20Peirce.jpg?itok=0J4ECdCy
53 St,https://new.mta.info/agency/arts-design/collection/untitled-53-st,Untitled,https://files.mta.info/s3fs-public/styles/large/public/2021-10/Thomas_53rd%20Street_01_Anthony%20Verde.jpg?itok=dz3k4uw_
Prospect Av,https://new.mta.info/agency/arts-design/collection/duration,Duration,https://files.mta.info/s3fs-public/styles/large/public/2021-10/Bravo_Prospect%20Avenue_01_Peter%20Peirce.jpg?itok=EMJwcBRi
Saratoga Av,https://new.mta.info/agency/arts-design/collection/chandelier-ailthanus,Chandelier,https://files.mta.info/s3fs-public/styles/large/public/2021-10/Baker_Sutter%20Avenue-Rutland%20Rd_01_Max%20Yawney.jpg?itok=z1nQZmzR
Sutter Av-Rutland Rd,https://new.mta.info/agency/arts-design/collection/chandelier-ailthanus,Ailanthus,https://files.mta.info/s3fs-public/styles/large/public/2021-10/Baker_Sutter%20Avenue-Rutland%20Rd_01_Max%20Yawney.jpg?itok=z1nQZmzR
96 St,https://new.mta.info/agency/arts-design/collection/blueprint-for-landscape,Blueprint for a Landscape,https://files.mta.info/s3fs-public/styles/large/public/2021-10/Sze_96th%20Street_01_Jeff%20Goldberg%20.jpg?itok=ZpgvNJkB
Pennsylvania Av,https://new.mta.info/agency/arts-design/collection/urban-garden-rail,Urban Garden Rail,https://files.mta.info/s3fs-public/styles/large/public/2021-10/Woolfalk_Pennsylvania%20Ave_01_Peter%20Peirce.jpg?itok=l6LqsDln
Van Siclen Av,https://new.mta.info/agency/arts-design/collection/urban-garden-rail,Urban Garden Rail,https://files.mta.info/s3fs-public/styles/large/public/2021-10/Woolfalk_Pennsylvania%20Ave_01_Peter%20Peirce.jpg?itok=l6LqsDln
Manhattanville Bus Depot,https://new.mta.info/agency/arts-design/collection/wheels-on-bus,The Wheels on the Bus,https://files.mta.info/s3fs-public/styles/large/public/2021-10/Mori_Manhattanville%20Bus%20Depot_01_Filip%20Wolak%20.jpg?itok=RiMsv2Gr
72 St,https://new.mta.info/agency/arts-design/collection/perfect-strangers,Perfect Strangers,https://files.mta.info/s3fs-public/styles/large/public/2021-10/Muniz_72nd%20Street_01_Patrick%20Cashin.jpg?itok=I7P0p9E-
Harlem-125 St,https://new.mta.info/agency/arts-design/collection/copacetic-hear-the-lone-whistle,copacetic,https://files.mta.info/s3fs-public/styles/large/public/2021-10/Saar_MNR_%20Harlem%20-%20125%20Street%20_01_%20Rob%20Wilson%20.jpg?itok=0kter8BX
Avenue U,https://new.mta.info/agency/arts-design/collection/brooklyn-transitions,Brooklyn Transitions,https://files.mta.info/s3fs-public/styles/large/public/2023-08/Belag_Ave%20U_01_Etienne%20Frossard.jpg?itok=Ys0F7rPI
WTC Cortlandt,https://new.mta.info/agency/arts-design/collection/chorus,CHORUS,https://files.mta.info/s3fs-public/styles/large/public/2021-10/Hamilton_NYCT_WTC%20Cortlandt_01_%20Thibault%20Jeanson%20.jpg?itok=X0vy_mz_
Brentwood,https://new.mta.info/agency/arts-design/collection/guardian-angel,The Guardian Angel,https://files.mta.info/s3fs-public/styles/large/public/2021-10/Mari%C3%B1o%20_LIRR_%20Brentwood%20_01_%20Geandy%20Pavon%20.jpg?itok=mSVl0WxZ
Cathedral Pkwy (110 St),https://new.mta.info/agency/arts-design/collection/migration,Migration,https://files.mta.info/s3fs-public/styles/large/public/2023-08/Wynter_110%20St_01_Anthony%20Verde.jpg?itok=bcszz4yY
Bellmore,https://new.mta.info/agency/arts-design/collection/shoal,SHOAL,https://files.mta.info/s3fs-public/styles/large/public/2021-10/Funderburg%20_LIRR_%20Bellmore%20_01_Collin%20Hughes%20.jpg?itok=T_6bUK0J
Port Jefferson,https://new.mta.info/agency/arts-design/collection/vast-endless-sea,"""...the vast and endless sea""",https://files.mta.info/s3fs-public/styles/large/public/2023-08/McQueen_Port%20Jefferson_01_Jan%20Baracz.jpg?itok=fiJuvN0y
145 St,https://new.mta.info/agency/arts-design/collection/parade,PARADE,https://files.mta.info/s3fs-public/styles/large/public/2021-10/Fordjour_NYCT_145%20Street%20_01_%20Jason%20Mandella%20.jpg?itok=5fPxzoL5
34 St-Penn Station,https://new.mta.info/agency/arts-design/collection/arches-of-old-penn-station,The Arches of Old Penn Station; The Arc of Gradiva,https://files.mta.info/s3fs-public/styles/large/public/2021-10/Al-Hadid_NYCT_34St_01_Peter%20Kaiser%20.jpg?itok=jIP0mVQn
Broadway,https://new.mta.info/agency/arts-design/collection/outlook,Outlook,https://files.mta.info/s3fs-public/styles/large/public/2021-10/Carr_NYCT_Broadway_01_%20Etienne%20Frossard%20.jpg?itok=o7384i-8
18 Av,https://new.mta.info/agency/arts-design/collection/fluxus-rhythmus,Fluxus / Rythmus,https://files.mta.info/s3fs-public/styles/large/public/2024-01/Midtown%20East.jpg?itok=rbcJ7a4f
Richmond Valley,https://new.mta.info/agency/arts-design/collection/portrayal-of-life-at-mill-creek,A Portrayal of Life at Mill Creek,https://files.mta.info/s3fs-public/styles/large/public/2024-02/Everet_1_0.jpg?itok=5U4f7jYb
163 St-Amsterdam Av,https://new.mta.info/agency/arts-design/collection/ciguapa-antellana-me-llamo-sueno-de-la-madrugada,"Ciguapa Antellana, me llamo sueÃ±o de la madrugada (who more sci-fi than us)",https://files.mta.info/s3fs-public/styles/large/public/2021-10/B%C3%A1ez_NYCT_163%20St-Amsterdam%20Ave_01_%20Osheen%20Harruthoonyan.jpg?itok=9rw6QxE7
Mount Vernon 14th Avenue Bridge,https://new.mta.info/agency/arts-design/collection/line-to-line,Line to Line,https://files.mta.info/s3fs-public/styles/large/public/2021-10/Gallardo_NYCT_%20MountVernon14Avenue%20_01_%20Jason%20Mandella%20.jpeg?itok=5OClyjcZ
Avenue P,https://new.mta.info/agency/arts-design/collection/tree-canopy,Tree Canopy,https://files.mta.info/s3fs-public/styles/large/public/2021-10/Battenfield_NYCT_%20Bay%20Pkwy%20_01_%20Dario%20Lasaghi%20.jpg?itok=zcl_eNvj
Merrick,https://new.mta.info/agency/arts-design/collection/connection-cultivating-communities,Connection Cultivating Communities,https://files.mta.info/s3fs-public/styles/large/public/2021-10/Gulliver%20Hancock%20_LIRR_Merrick_01_%20Peter%20Peirce%20..jpg?itok=9Bk4Kry3
86 St,https://new.mta.info/agency/arts-design/collection/parkside-portals,Parkside Portals,https://files.mta.info/s3fs-public/styles/large/public/2021-10/Kozloff_NYCT_%2086%20St_01_%20Tom%20Vinetz%20.jpg?itok=5y9PdudR
18 Av,https://new.mta.info/agency/arts-design/collection/we-are-each-others,We are each others,https://files.mta.info/s3fs-public/styles/large/public/2021-10/Gardair_NYCT_%2018Ave_KingsHwy_02_%20Peter%20Pierce%20.jpg?itok=-9mYXfj0
Kings Hwy,https://new.mta.info/agency/arts-design/collection/we-are-each-others,We are each others,https://files.mta.info/s3fs-public/styles/large/public/2021-10/Gardair_NYCT_%2018Ave_KingsHwy_02_%20Peter%20Pierce%20.jpg?itok=-9mYXfj0
Avenue I,https://new.mta.info/agency/arts-design/collection/where-sky-begins,Where the Sky Begins,https://files.mta.info/s3fs-public/styles/large/public/2023-08/Olujimi_Ave%20I_01_Etienne%20Frossard.jpg?itok=wm43U6kP
86 St,https://new.mta.info/agency/arts-design/collection/cerebration,Cerebration,https://files.mta.info/s3fs-public/styles/large/public/2021-10/Margolis%20_NYCT_%2086%20St_01_%20Etienne%20Frossard%20.jpg?itok=5CC1oI4a
Bay Pkwy,https://new.mta.info/agency/arts-design/collection/neptunes-garden,Neptune's Garden,https://files.mta.info/s3fs-public/styles/large/public/2021-10/Wayne_%20NYCT_%20Bay%20Parkway%20_01_%20Dario%20Lasagni%20.jpg?itok=dQpgP48u
Avenue N,https://new.mta.info/agency/arts-design/collection/push-pull,Push/Pull,https://files.mta.info/s3fs-public/styles/large/public/2021-10/Sigal%20_%20NYCT_Avenue%20N_01_%20Alan%20Wiener%20.jpg?itok=7gFIjmNn
Wantagh,https://new.mta.info/agency/arts-design/collection/where-dreams-come-to-play,Where Dreams Come to Play,https://files.mta.info/s3fs-public/styles/large/public/2023-08/Dennis_Wantagh_01_Jason%20Mandella.jpg?itok=KTzG1Yrq
Wyandanch,https://new.mta.info/agency/arts-design/collection/american-season,American Season,https://files.mta.info/s3fs-public/styles/large/public/2024-02/Judge_LIRR_%20Pinelawn_01_%20Seong%20Kwon%20.jpg?itok=T8UFkGeT
Pinelawn,https://new.mta.info/agency/arts-design/collection/american-season,American Season,https://files.mta.info/s3fs-public/styles/large/public/2024-02/Judge_LIRR_%20Pinelawn_01_%20Seong%20Kwon%20.jpg?itok=T8UFkGeT
36 Av,https://new.mta.info/agency/arts-design/collection/crystal-blue-persuasion,Crystal Blue Persuasion,https://files.mta.info/s3fs-public/styles/large/public/2021-10/McQuillan_NYCT_%2036%20Av_01_%20Etienne%20Frossard%20.jpg?itok=TMtZqzBW
28 St,https://new.mta.info/agency/arts-design/collection/roaming-underfoot,ROAMING UNDERFOOT,https://files.mta.info/s3fs-public/styles/large/public/2021-10/Blum_NYCT_28St_01_Cathy%20M.%20Carver.jpg?itok=4f8pI2yD
167 St,https://new.mta.info/agency/arts-design/collection/beacons,Beacons,https://files.mta.info/s3fs-public/styles/large/public/2021-10/Gatson_NYCT_%20167%20St_01_%20Seong%20Kwon%20.JPG?itok=8-1Ci9xs
Hicksville,https://new.mta.info/agency/arts-design/collection/hempstead-plain-morning-evening,"Hempstead Plain, Morning & Evening",https://files.mta.info/s3fs-public/styles/large/public/2021-10/Nicholson_LIRR_%20Hicksville%20_01_%20Patrick%20Cashin%20..jpg?itok=xHn_02on
174-175 Sts,https://new.mta.info/agency/arts-design/collection/bronx-seasons-everchanging,Bronx Seasons Everchanging,https://files.mta.info/s3fs-public/styles/large/public/2023-08/Secord_174%20175%20Sts_01_Anthony%20Verde_Spring%20into%20Summer%20Mandala.jpg?itok=UhZcY6Ej
Avenue U,https://new.mta.info/agency/arts-design/collection/edges-of-south-brooklyn-sky,Edges of a South Brooklyn Sky,https://files.mta.info/s3fs-public/styles/large/public/2021-10/Gil_NYCT_Ave%20U_01_%20Etienne%20Frossard%20.jpg?itok=bAyQjQvC
39 Av-Dutch Kills,https://new.mta.info/agency/arts-design/collection/hellion-equilibrium,Hellion Equilibrium,https://files.mta.info/s3fs-public/styles/large/public/2021-10/Morris_NYCT_%2039%20Av-Dutch%20Kills%20_01_%20Sean%20Dack%20.jpg?itok=Auhu2maV
30 Av,https://new.mta.info/agency/arts-design/collection/perasma-dappleganger,Perasma I & II; Dappleganger,https://files.mta.info/s3fs-public/styles/large/public/2022-01/Westfall%20_%20NYCT_%2030%20Av%20_01_%20James-Karla%20Murray.jpg?itok=CrHRfFNI
Stewart Manor,https://new.mta.info/agency/arts-design/collection/come-back-home,Come Back Home,https://files.mta.info/s3fs-public/styles/large/public/2021-10/Hyunsoo%20Lee_LIRR_%20Stewart%20Manor_01_%20Seong%20Kwon%20.jpg?itok=PjPbKF1P
Deer Park,https://new.mta.info/agency/arts-design/collection/deer-park-dahlias,Deer Park Dahlias,https://files.mta.info/s3fs-public/styles/large/public/2021-10/Low_LIRR_%20Deer%20Park_01_%20Artist%2C%20William%20Low%20..jpg?itok=H_KTubnw
23 St,https://new.mta.info/agency/arts-design/collection/stationary-figures,Stationary Figures,https://files.mta.info/s3fs-public/styles/large/public/2021-10/Wegman_%20NYCT_%2023rd%20Street%20_01_Patrick%20Cashin.jpg?itok=AXkRo3YY
72 St,https://new.mta.info/agency/arts-design/collection/sky,SKY,https://files.mta.info/s3fs-public/styles/large/public/2024-01/Ono_Isabel%20Asha%20Penzlien_01_0.jpg?itok=4aiFdmyw
57 St,https://new.mta.info/agency/arts-design/collection/metropolitan-faces,Metropolitan Faces,https://files.mta.info/s3fs-public/styles/large/public/2021-10/Katz_NYCT_%2057%20St%20_01_%20Etienne%20Frossard%20.jpg?itok=RPGAQ85h
New Utrecht Av,https://new.mta.info/agency/arts-design/collection/nature-wall,Nature Wall,https://files.mta.info/s3fs-public/styles/large/public/2023-08/Dezso_NewUtrechtAv_01_Etienne%20Frossard.jpg?itok=JDI_0SFS
Port Chester,https://new.mta.info/agency/arts-design/collection/images-of-port-chester,Images of Port Chester,https://files.mta.info/s3fs-public/styles/large/public/2021-11/Greenwald_MNR_%20Port%20Chester%20_01_%20Doug%20Biaz_0.jpg?itok=b_npkfY9
20 Av,https://new.mta.info/agency/arts-design/collection/sea-city-spin,Sea City Spin,https://files.mta.info/s3fs-public/styles/large/public/2021-10/Storey_NYCT_20Av_01_Jeffrey%20Sturges.jpg?itok=5xOsAwTx
Nostrand Avenue,https://new.mta.info/agency/arts-design/collection/around-the-way,Around the Way,https://files.mta.info/s3fs-public/styles/large/public/2023-08/Adams_Nostrand_01_Emil%20Horowitz.jpg?itok=XcKRkmW6
Bay Pkwy,https://new.mta.info/agency/arts-design/collection/peoples-instinctive-travels,People's Instinctive Travels: Homage to the Tribe,https://files.mta.info/s3fs-public/styles/large/public/2021-10/Ore-Giron_NYCT_%20Bay%20Pkwy_01_%20Peter%20Peirce%20.jpg?itok=wOJr8MEB
Astoria-Ditmars Blvd,https://new.mta.info/agency/arts-design/collection/urban-idyll,Urban Idyll,https://files.mta.info/s3fs-public/styles/large/public/2021-10/Condon_NYCT_AstoriaDitmars_01_%20Phillip%20Reed.jpg?itok=yjMRujfz
Fort Hamilton Pkwy,https://new.mta.info/agency/arts-design/collection/there-is-magic-underneath-it-all,There is Magic Underneath It All,https://files.mta.info/s3fs-public/styles/large/public/2021-10/Berrio_NYCT_FtHamiltonPkwy_01_Jeannette%20May.jpg?itok=dGLE7rTy
5 Av/53 St,https://new.mta.info/agency/arts-design/collection/subway-design-for-modern-icon,The Subway: Design for a Modern Icon,https://files.mta.info/s3fs-public/styles/large/public/2021-11/MTA%20Arts%20%26%20Design-MoMA%20NYCT%205th%20Ave-53rd%20Street_01_Patrick%20Cashin.jpg?itok=o9LMdTfy
8 Av,https://new.mta.info/agency/arts-design/collection/made-with-love,MADE WITH LOVE,https://files.mta.info/s3fs-public/styles/large/public/2021-11/Jeyifous_NYCT_8Av_01_Anthony%20Artis.jpg?itok=mulh2eFQ
Syosset,https://new.mta.info/agency/arts-design/collection/sail,Sail,https://files.mta.info/s3fs-public/styles/large/public/2021-10/Fruin_LIRR_Syosset_02_Linda%20Guida.jpg?itok=WWx3wkiI
Crestwood,https://new.mta.info/agency/arts-design/collection/morning-glory-evening-splendor,"Morning Glory, Evening Splendor; The Perennial Village",https://files.mta.info/s3fs-public/styles/large/public/2021-10/Wright_MNR_Crestwood_02_Bradley%20Knote.jpg?itok=sZXWj9MD
White Plains,https://new.mta.info/agency/arts-design/collection/forte-quarropas-blue-rails-white-plains,Forte (Quarropas); Blue Rails (White Plains),https://files.mta.info/s3fs-public/styles/large/public/2021-11/Takenaga_MNR_WhitePlains_01_SteveBates.jpg?itok=Mim-azHM
Merillon Avenue,https://new.mta.info/agency/arts-design/collection/commuting-through-nature,Commuting Through Nature,https://files.mta.info/s3fs-public/styles/large/public/2023-11/Enteles_LIRR%20Merillon_01_William%20Mebane.jpg?itok=1YOj7M6-
Carle Place,https://new.mta.info/agency/arts-design/collection/aviary,Aviary,https://files.mta.info/s3fs-public/styles/large/public/2021-11/Boyajian_LIRR%20Carle%20Place_01_Jason%20Mandella_0.jpg?itok=zTb1KIVv
Grand Central-42 St,https://new.mta.info/agency/arts-design/collection/grand-central-arches-towers-pyramids,"Grand Central: Arches, Towers, Pyramids",https://files.mta.info/s3fs-public/styles/large/public/2021-11/Ferrara_NYCT%20Grand%20Central-42%20Street_01_MTA%20Arts%20%26%20Design%20.jpg?itok=x4LUpxdS
Jamaica,https://new.mta.info/agency/arts-design/collection/radiant-memories,Radiant Memories,https://files.mta.info/s3fs-public/styles/large/public/2021-08/Little_LIRR_Jamaica_01_Sophia%20Little.jpg?itok=eDAE57nT
Astoria Blvd,https://new.mta.info/agency/arts-design/collection/i-am-rainbow-too,I AM A RAINBOW TOO,https://files.mta.info/s3fs-public/styles/large/public/2023-08/Gibson_AstoriaBlvd_01_Etienne%20Frossard.jpg?itok=1gEpWZTI
Grand Central-42 St,https://new.mta.info/agency/arts-design/collection/i-dreamed-a-world-and-called-it-love,I dreamed a world and called it Love,https://files.mta.info/s3fs-public/styles/large/public/2021-11/Hodges_NYCT_GCS_01_%20Felipe%20Fontecilla%20.jpg?itok=bII6pSMc
Mount Vernon 6th Avenue Bridge,https://new.mta.info/agency/arts-design/collection/crosscut,CROSSCUT,https://files.mta.info/s3fs-public/styles/large/public/2021-10/Guarionex_Mount%20Vernon%206th%20Avenue%20Bridge_06_Josue%20Colon.jpg?itok=FFb46XKK
86 St,https://new.mta.info/agency/arts-design/collection/heydays,Heydays,https://files.mta.info/s3fs-public/styles/large/public/2021-12/Bennett_86%20St_01_Adam%20Reich.jpg?itok=XS1AduXq
138 St-Grand Concourse,https://new.mta.info/agency/arts-design/collection/day-into-night-into-day,Day Into Night Into Day,https://files.mta.info/s3fs-public/styles/large/public/2021-11/Pryor_NYCT%20138-Grand%20Concourse_01_%20Argenis%20Apolinario_0.jpg?itok=n0xNnzDd
Port Jervis,https://new.mta.info/agency/arts-design/collection/boat-house-buggy,Boat House Buggy,https://files.mta.info/s3fs-public/styles/large/public/2021-10/Veve-1.jpg?itok=nwz-Ti2w
Mount Vernon 3rd Avenue Bridge,https://new.mta.info/agency/arts-design/collection/empirical-evidence,Empirical Evidence,https://files.mta.info/s3fs-public/styles/large/public/2023-08/Davis_MtVB%203%20Av_01_Etienne%20Frossard.jpg?itok=PnqR-jyW
1 Av,https://new.mta.info/agency/arts-design/collection/queens-of-the-night,Queens of the Night; Superhero Responds,https://files.mta.info/s3fs-public/styles/large/public/2021-11/Bradford_NYCT_1Av_01_JasonMandella.jpg?itok=_kUBzFIp
Bedford Av,https://new.mta.info/agency/arts-design/collection/no-less-than-everything-comes-together,No Less Than Everything Comes Together,https://files.mta.info/s3fs-public/styles/large/public/2021-11/Dzama_NYCT_Bedford_01_KrisGraves_0.jpg?itok=GyUjF-ub
Mount Vernon 10th Avenue Bridge,https://new.mta.info/agency/arts-design/collection/mark-fox-mount-vernon,40û54Õ37.9ÓN 73û50Õ33.5ÓW,https://files.mta.info/s3fs-public/styles/large/public/2023-08/Fox_MtVB10thAv_01_James%20and%20Karla%20Murray_0.jpg?itok=bLp59kmx
New Hyde Park,https://new.mta.info/agency/arts-design/collection/forestation-syncopation,Forestation Syncopation,https://files.mta.info/s3fs-public/styles/large/public/2022-05/Litchfield_LIRR%20New%20Hyde%20Park_01_EFrossard.jpg?itok=Utsn4k4e
Westbury,https://new.mta.info/agency/arts-design/collection/illuminations,Illuminations,https://files.mta.info/s3fs-public/styles/large/public/2023-08/Westly_LIRR%20Westbury_01_Jason%20Mandella.jpg?itok=-Xi5IDBA
Tremont Av,https://new.mta.info/arts-and-design/collections/uptown-new-york,Uptown New York,https://files.mta.info/s3fs-public/styles/large/public/2022-04/Hampton_NYCT%20Tremont%20Av_01_Rob%20Wilson.jpg?itok=D_ibsx4l
Grand Central Madison,https://new.mta.info/agency/arts-design/collection/river-light-presence-spring-sound-waters-way,River Light; The Presence; The Spring; The Sound; The Water's Way,https://files.mta.info/s3fs-public/styles/large/public/2022-12/Smith_LIRR_Grand-Central-Madison_01_Rich%20Lee.jpg?itok=27_zh_4B
Times Sq-42 St,https://new.mta.info/agency/arts-design/collection/each-one-every-one-equal-all,"Each One, Every One, Equal All",https://files.mta.info/s3fs-public/styles/large/public/2021-11/Cave_NYCT_TSQ_01_Trent%20Reeves_1.jpg?itok=clqrR-Z5
Elmont-UBS Arena,https://new.mta.info/agency/arts-design/collection/cyclical-everything,Cyclical Everything,https://files.mta.info/s3fs-public/styles/large/public/2023-05/Shawna%20X_LIRR%20Elmont_01_MTA%20Arts%20%26%20Design.jpg?itok=e6OYaPWH
Grand Central Madison,https://new.mta.info/agency/arts-design/collection/a-message-of-love-directly-from-my-heart-unto-the-universe,"A Message of Love, Directly from My Heart unto the Universe",https://files.mta.info/s3fs-public/styles/large/public/2022-12/Kusama_LIRR_Grand-Central-Madison_01_Kerry%20McFate.jpg?itok=NPaQth_6
181 St,https://new.mta.info/agency/arts-design/collection/great-waves-of-immigration,Great Waves of Immigration,https://files.mta.info/s3fs-public/styles/large/public/2023-11/Lizardo_NYCT%20181%20St_01_Etienne%20Frossard.jpg?itok=VleQrcW8
7 Av,https://new.mta.info/agency/arts-design/collection/landscapes-adrift,Landscapes adrift-cosmically woven and earthly bonded,https://files.mta.info/s3fs-public/styles/large/public/2023-08/Ferreira_NYCT%207%20Av_01_%20Pedro%20A.%20Estevez.jpg?itok=TWe6KgS0
34 St-Penn Station,https://new.mta.info/agency/arts-design/collection/arches-of-old-penn-station,The Time Telling,https://files.mta.info/s3fs-public/styles/large/public/2021-10/Al-Hadid_NYCT_34St_01_Peter%20Kaiser%20.jpg?itok=jIP0mVQn
Roosevelt Island Ventilation Structure,https://new.mta.info/agency/arts-design/collection/double-take,Double Take,https://files.mta.info/s3fs-public/styles/large/public/2023-08/Cooper_LIRR%20RI%20Vent_01_Paul%20Takeuchi.jpg?itok=zDNpnTj3
Mineola,https://new.mta.info/agency/arts-design/collection/bessie-and-roxey,Bessie and Roxey,https://files.mta.info/s3fs-public/styles/large/public/2023-08/Lipski_LIRR%20Mineola_01_Jason%20Mandella_0.jpg?itok=GhvlBj8E
Grand St,https://new.mta.info/agency/arts-design/collection/gratitudes-off-grand,Gratitudes off Grand,https://files.mta.info/s3fs-public/styles/large/public/2023-05/Medina_NYCT%20Grand%20St_01_MTA%20Arts%20%26%20Design.jpg?itok=a3-kvLiG
E 149 St,https://new.mta.info/agency/arts-design/collection/bronx-river,Bronx River,https://files.mta.info/s3fs-public/styles/large/public/2023-12/v1Goldberg_NYCT%20E%20149%20St_01_%20John%20Berens.jpg?itok=yySkoyhg
New Dorp,https://new.mta.info/agency/arts-design/collection/creeping-on-where-time-has-been,Creeping on Where Time Has Been,https://files.mta.info/s3fs-public/styles/large/public/2023-10/Keri%20Sheheen_Keri_11.png?itok=q4HkARkq
DeKalb Av,https://new.mta.info/agency/arts-design/collection/masstransiscope,Masstransiscope,https://files.mta.info/s3fs-public/styles/large/public/2022-01/Brand_NYCT%20Dekalb%20Ave_01_Rob%20Wilson%20.jpg?itok=vTxiZW_U
Dyckman St,https://new.mta.info/agency/arts-design/collection/birds-in-flight-moon-view,Birds in Flight-Moon View,https://files.mta.info/s3fs-public/styles/large/public/2021-11/Holup_NYCT%20Dyckman%20Street_01_Trent%20Reeves.jpg?itok=VRR6AcDk
Fulton St,https://new.mta.info/agency/arts-design/collection/marine-grill-murals,"Marine Grill Murals, c. 1913 for the McAlpin Hotel",https://files.mta.info/s3fs-public/styles/large/public/2022-04/Marsh_NYCT%20Fulton%20St_01_MTA%20Arts%20%26%20Design%20.JPG?itok=6LBRS1Ju
Times Sq-42 St,https://new.mta.info/agency/arts-design/collection/return-of-spring,The Return of Spring; The Onset of Winter,https://files.mta.info/s3fs-public/styles/large/public/2021-11/Beal_NYCT%20Times%20Square-42%20Street_01_Jeffrey%20Sturges.jpg?itok=dpmf6LgC
75 St,https://new.mta.info/agency/arts-design/collection/five-points-of-observation,Five Points of Observation,https://files.mta.info/s3fs-public/styles/large/public/2022-02/McCarthy_NYCT%20111th%20St_01_Rob%20Wilson.jpg?itok=C0wFXntk
Cypress Hills,https://new.mta.info/agency/arts-design/collection/five-points-of-observation,Five Points of Observation,https://files.mta.info/s3fs-public/styles/large/public/2022-02/McCarthy_NYCT%20111th%20St_01_Rob%20Wilson.jpg?itok=C0wFXntk
Myrtle Av,https://new.mta.info/agency/arts-design/collection/jammin-under-the-el,Jammin' Under the EL,https://files.mta.info/s3fs-public/styles/large/public/2022-02/Hart_NYCT%20Myrtle%20Ave_01_Patrick%20Cashin.jpg?itok=rfhct5AM
Crescent St,https://new.mta.info/agency/arts-design/collection/wheel-of-bloom-soak-up-the-sun,Wheel of Bloom-Soak up the Sun,https://files.mta.info/s3fs-public/styles/large/public/2022-02/Kim_NYCT%20Crescent%20Street_01_Jung%20Hyang%20Kim.jpg?itok=tdyyD35w
Norwood Av,https://new.mta.info/agency/arts-design/collection/culture-swirl,Culture Swirl,https://files.mta.info/s3fs-public/styles/large/public/2022-02/Lanzetta_NYCT%20Norwood%20Ave_01_Margaret%20Lanzetta%20.jpg?itok=FJDHAgCP
Alabama Av,https://new.mta.info/agency/arts-design/collection/untitled-redden,Untitled,https://files.mta.info/s3fs-public/styles/large/public/2022-02/Redden_NYCT%20Alabama%20Ave_01_Rob%20Wilson.jpg?itok=oDqyx-OY
Woodside-61 St,https://new.mta.info/agency/arts-design/collection/Commuting-Community,Commuting/Community,https://files.mta.info/s3fs-public/styles/large/public/2021-08/Cavanagh_NYCT_Woodside_01_Cavanagh.jpg?itok=vjLUnHAn
Fulton St,https://new.mta.info/agency/arts-design/collection/astral-grating,Astral Grating,https://files.mta.info/s3fs-public/styles/large/public/2021-11/Holt_NYCT%20NYCT%20Fulton%20Street-Broadway%E2%80%93Nassau_01_Rob%20Wilson.jpg?itok=UncN1Kgk
5 Av/53 St,https://new.mta.info/agency/arts-design/collection/subway-riders-fasanella,Subway Riders,https://files.mta.info/s3fs-public/styles/large/public/2022-02/Fasanella_5th%20Ave-53rd_01_Arts%20%26%20Design%20.jpg?itok=CwvFuEwM
Cleveland St,https://new.mta.info/agency/arts-design/collection/las-flores,Las Flores,https://files.mta.info/s3fs-public/styles/large/public/2022-02/Cheng_NYCT%20Cleveland%20Street_01_Amy%20Cheng.jpg?itok=KyahjPi0
